game_no,Home_team,Away_team,half_time_score,home_score,away_score,home_odds,draw_odds,away_odds,game_id,outcome,home_wins,draws_no,away_wins,game_count,1/2
1,ARS,FUL,2-1,5,1,1.45,4.85,6.5,0,1,5,0,1,6,1
2,AST,CRY,0-0,0,2,1.75,4.05,4.45,1,2,3,0,1,4,1
3,BRE,SHU,0-1,2,1,1.83,3.65,4.45,2,1,4,0,0,4,1
4,CHE,NEW,2-0,3,1,2.07,3.85,3.3,3,1,4,0,0,4,1
5,EVE,BOU,2-0,2,1,1.74,3.8,4.8,4,1,4,4,0,8,1
6,LUT,WHU,0-0,0,3,3.55,3.65,2.04,5,2,1,1,5,7,1
7,MCI,LIV,3-1,4,1,1.8,4.4,3.8,6,1,3,2,0,5,1
8,MUN,NOT,2-0,2,1,1.41,5.25,6.75,7,1,7,0,0,7,1
9,TOT,BHA,1-0,1,0,2.18,3.75,3.15,8,1,4,1,2,7,1
10,WOL,BUR,0-0,0,1,1.91,3.65,4.0,9,2,1,2,3,6,1
1,AST,MCI,0-0,0,0,2.5,3.8,2.6,10,x,3,2,2,7,0
2,BOU,MUN,1-1,1,2,4.15,4.1,1.78,11,2,2,1,2,5,1
3,BRE,NEW,1-1,2,3,2.95,3.5,2.4,12,2,2,1,2,5,1
4,CRY,BUR,0-0,3,0,1.79,3.85,4.35,13,1,4,3,2,9,1
5,EVE,CHE,0-1,2,4,2.9,3.55,2.4,14,2,1,1,3,5,1
6,FUL,WOL,0-0,0,0,2.35,3.55,3.0,15,x,3,3,1,7,0
7,LUT,NOT,0-1,1,1,2.4,3.65,2.85,16,x,4,1,1,6,0
8,SHU,BHA,0-0,0,1,3.95,3.7,1.92,17,2,1,1,3,5,1
9,TOT,LIV,0-0,0,1,2.1,4.1,3.05,18,2,2,2,3,7,1
10,WHU,ARS,0-3,0,5,2.6,3.75,2.55,19,2,3,2,2,7,1
1,ARS,LUT,0-0,1,1,1.35,5.25,8.5,20,x,6,1,0,7,0
2,AST,BHA,1-0,3,0,2.22,3.7,3.1,21,1,2,1,1,4,1
3,BOU,MCI,0-1,0,2,4.85,4.2,1.66,22,2,1,2,3,6,1
4,BRE,BUR,0-1,1,1,1.85,3.65,4.35,23,x,3,1,3,7,0
5,CHE,LIV,1-2,5,4,2.0,4.15,3.3,24,1,2,1,1,4,1
6,CRY,EVE,2-0,4,1,2.25,3.55,3.15,25,1,5,1,0,6,1
7,MUN,WOL,2-0,3,1,1.57,4.5,5.5,26,1,6,1,1,8,1
8,NEW,FUL,0-0,0,0,1.53,4.5,5.75,27,x,5,1,2,8,0
9,SHU,WHU,0-2,1,3,3.4,3.6,2.12,28,2,0,2,3,5,1
10,TOT,NOT,3-0,3,0,1.48,4.8,6.0,29,1,2,4,1,7,1
1,AST,LIV,0-0,0,1,2.14,4.05,3.05,30,2,2,1,2,5,1
2,BHA,BUR,1-0,3,1,1.48,4.5,6.5,31,1,4,0,0,4,1
3,BOU,TOT,1-0,2,1,3.9,3.8,1.89,32,1,3,1,3,7,1
4,CHE,ARS,0-0,0,0,2.19,3.85,3.05,33,x,6,1,2,9,0
5,EVE,MCI,0-0,0,0,3.25,3.7,2.14,34,x,3,2,3,8,0
6,FUL,BRE,0-1,1,1,2.5,3.45,2.8,35,x,2,3,1,6,0
7,LUT,WOL,0-0,0,0,2.8,3.45,2.55,36,x,2,2,2,6,0
8,MUN,CRY,2-0,3,1,1.62,4.45,4.85,37,1,3,3,0,6,1
9,NOT,SHU,1-1,3,1,2.03,3.7,3.5,38,1,7,0,2,9,1
10,WHU,NEW,0-0,2,1,2.4,3.7,2.75,39,1,1,1,2,4,1
1,ARS,WOL,0-0,0,0,1.55,4.45,5.75,40,x,2,2,0,4,0
2,AST,CHE,0-0,0,0,2.3,3.75,2.95,41,x,0,3,3,6,0
3,BHA,FUL,4-1,8,1,1.55,4.4,5.75,42,1,2,1,1,4,1
4,BUR,LIV,1-1,1,1,3.8,4.1,1.86,43,x,0,1,4,5,0
5,CRY,LUT,0-1,0,1,1.7,4.0,4.8,44,2,3,1,1,5,1
6,EVE,TOT,2-2,3,2,2.75,3.55,2.5,45,1,2,3,2,7,1
7,MUN,MCI,1-2,2,3,2.3,4.05,2.75,46,2,1,2,2,5,1
8,NOT,NEW,2-0,2,1,3.6,3.95,1.94,47,1,2,1,4,7,1
9,SHU,BOU,0-0,0,0,2.18,3.45,3.35,48,x,2,4,1,7,0
10,WHU,BRE,1-0,2,0,1.91,3.65,4.0,49,1,6,1,1,8,1
1,ARS,CRY,2-1,4,1,1.59,4.4,5.25,50,1,3,3,0,6,1
2,BOU,NEW,0-1,0,2,4.05,3.8,1.86,51,2,1,1,5,7,1
3,BUR,AST,0-0,2,0,3.65,3.7,1.99,52,1,2,3,0,5,1
4,CHE,WOL,3-1,5,1,1.6,4.25,5.5,53,1,3,4,0,7,1
5,FUL,LIV,3-1,3,7,3.35,4.1,2.0,54,2,1,2,4,7,1
6,MCI,LUT,0-0,1,0,1.3,5.75,9.5,55,1,6,0,0,6,1
7,NOT,BRE,0-0,2,2,2.6,3.55,2.65,56,x,4,2,1,7,0
8,SHU,EVE,0-2,0,3,2.95,3.4,2.45,57,2,2,1,2,5,1
9,TOT,MUN,1-1,4,2,2.17,4.0,3.0,58,1,5,0,1,6,1
10,WHU,BHA,0-0,0,3,2.45,3.6,2.8,59,2,2,2,3,7,1
1,ARS,MCI,0-1,0,1,2.2,3.95,2.95,60,2,1,3,7,11,1
2,AST,FUL,1-0,1,1,1.58,4.35,5.5,61,x,2,2,1,5,0
3,BHA,NOT,0-0,1,1,1.48,4.7,6.25,62,x,4,3,1,8,0
4,BOU,BRE,0-2,1,3,2.9,3.35,2.5,63,2,1,2,5,8,1
5,BUR,CHE,0-1,0,2,4.0,3.8,1.88,64,2,0,3,5,8,1
6,NEW,EVE,1-2,2,2,1.76,3.9,4.5,65,x,0,1,2,3,0
7,SHU,MUN,0-1,0,4,4.05,4.05,1.81,66,2,1,0,1,2,1
8,TOT,LUT,1-1,3,1,1.43,4.85,7.25,67,1,2,0,0,2,1
9,WHU,LIV,1-0,1,0,2.35,3.95,2.75,68,1,5,0,2,7,1
10,WOL,CRY,2-0,2,0,2.3,3.55,3.0,69,1,5,2,1,8,1
1,ARS,TOT,2-0,3,0,1.93,4.0,3.6,70,1,3,0,2,5,1
2,BOU,BHA,1-1,1,2,4.05,3.75,1.88,71,2,1,0,4,5,1
3,BRE,EVE,0-0,1,0,2.3,3.35,3.15,72,1,5,4,1,10,1
4,BUR,FUL,0-0,0,0,2.4,3.55,2.9,73,x,1,4,1,6,0
5,CHE,CRY,2-1,2,1,1.65,4.2,4.9,74,1,4,0,1,5,1
6,LUT,SHU,1-0,2,0,2.3,3.45,3.1,75,1,1,2,1,4,1
7,MCI,WOL,1-0,3,0,1.48,4.7,6.25,76,1,4,4,1,9,1
8,NEW,MUN,2-0,3,0,2.12,4.0,3.1,77,1,2,2,2,6,1
9,NOT,LIV,0-1,0,5,3.55,4.25,1.88,78,2,1,4,2,7,1
10,WHU,AST,1-0,3,1,2.35,3.65,2.9,79,1,4,4,0,8,1
1,ARS,BUR,3-1,4,1,1.4,5.0,7.5,80,1,1,1,0,2,1
2,BOU,MUN,0-0,2,2,4.15,4.1,1.78,11,x,2,1,2,5,0
3,CHE,BHA,1-2,1,3,2.08,3.75,3.35,81,2,0,1,5,6,1
4,CRY,WOL,0-1,1,2,2.05,3.65,3.5,82,2,0,2,1,3,1
5,EVE,NOT,0-0,0,2,1.8,3.9,4.25,83,2,2,0,1,3,1
6,FUL,BRE,1-0,2,0,2.5,3.45,2.8,35,1,2,3,1,6,1
7,LUT,AST,0-0,0,0,4.0,3.75,1.89,84,x,1,4,1,6,0
8,MCI,NEW,2-1,4,2,1.87,4.1,3.75,85,1,4,1,1,6,1
9,TOT,SHU,1-0,2,0,1.47,4.65,6.5,86,1,4,1,1,6,1
10,WHU,LIV,4-1,4,1,2.35,3.95,2.75,68,1,5,0,2,7,1
1,ARS,AST,0-1,1,2,1.92,3.95,3.65,87,2,2,2,3,7,1
2,BOU,CHE,0-1,1,3,4.2,3.85,1.82,88,2,2,2,5,9,1
3,BRE,WHU,0-2,1,3,2.6,3.45,2.7,89,2,3,0,4,7,1
4,BUR,EVE,2-0,2,0,2.9,3.4,2.5,90,1,5,0,2,7,1
5,CRY,BHA,0-0,1,1,2.85,3.65,2.4,91,x,2,3,1,6,0
6,LIV,NEW,2-0,2,0,2.07,4.1,3.15,92,1,5,0,1,6,1
7,LUT,MUN,0-0,0,0,4.3,4.15,1.74,93,x,2,1,2,5,0
8,MCI,NOT,1-0,1,0,1.34,5.75,8.0,94,1,4,1,1,6,1
9,SHU,FUL,1-1,1,2,2.45,3.5,2.85,95,2,1,1,2,4,1
10,TOT,WOL,0-0,1,0,1.65,4.15,4.95,96,1,3,1,0,4,1
1,ARS,MUN,3-0,3,0,1.97,4.15,3.35,97,1,2,0,1,3,1
2,AST,EVE,0-1,0,3,1.82,3.8,4.25,98,2,4,1,1,6,1
3,BHA,BOU,1-0,3,0,1.45,4.6,7.0,99,1,2,2,0,4,1
4,CHE,LUT,2-1,3,1,1.39,5.0,7.75,100,1,5,1,1,7,1
5,FUL,WOL,0-0,1,0,2.35,3.55,3.0,15,1,3,3,1,7,1
6,MCI,BUR,1-1,1,1,1.34,5.5,8.5,101,x,4,1,1,6,0
7,NEW,BRE,1-0,2,0,1.72,3.95,4.75,102,1,3,2,0,5,1
8,NOT,LIV,0-0,1,1,3.55,4.25,1.88,78,x,1,4,2,7,0
9,TOT,CRY,2-0,5,1,1.71,4.15,4.5,103,1,7,0,0,7,1
10,WHU,SHU,0-0,2,0,1.58,4.2,5.5,104,1,4,0,1,5,1
1,AST,MCI,1-0,1,1,2.5,3.8,2.6,10,x,3,2,2,7,0
2,BHA,LUT,1-0,2,0,1.43,4.75,7.25,105,1,7,1,0,8,1
3,BOU,CRY,1-1,2,1,2.9,3.5,2.4,106,1,2,0,0,2,1
4,BUR,LIV,1-2,2,4,3.8,4.1,1.86,43,2,0,1,4,5,1
5,CHE,ARS,1-0,2,0,2.19,3.85,3.05,33,1,6,1,2,9,1
6,EVE,MUN,1-0,3,1,2.85,3.75,2.35,107,1,1,1,0,2,1
7,FUL,TOT,0-1,1,2,3.25,3.8,2.1,108,2,3,0,5,8,1
8,NEW,SHU,2-0,4,0,1.45,4.65,7.0,109,1,2,2,2,6,1
9,NOT,BRE,2-0,3,1,2.6,3.55,2.65,56,1,4,2,1,7,1
10,WHU,WOL,0-0,0,0,1.81,3.85,4.3,110,x,2,4,1,7,0
1,AST,FUL,3-2,4,2,1.58,4.35,5.5,61,1,2,2,1,5,1
2,BOU,BRE,0-1,0,3,2.9,3.35,2.5,63,2,1,2,5,8,1
3,BUR,WHU,0-4,0,7,3.3,3.6,2.16,111,2,3,1,3,7,1
4,CHE,WOL,1-0,2,2,1.6,4.25,5.5,53,x,3,4,0,7,0
5,CRY,EVE,2-1,3,2,2.25,3.55,3.15,25,1,5,1,0,6,1
6,LIV,LUT,3-0,5,0,1.36,5.5,7.75,112,1,1,0,1,2,1
7,MCI,ARS,0-1,1,1,1.97,4.05,3.45,113,x,1,1,0,2,0
8,MUN,TOT,1-0,3,0,1.98,4.1,3.35,114,1,3,1,1,5,1
9,NOT,NEW,1-0,3,1,3.6,3.95,1.94,47,1,2,1,4,7,1
10,SHU,BHA,0-1,0,1,3.95,3.7,1.92,17,2,1,1,3,5,1
1,AST,WHU,0-0,4,1,1.99,3.8,3.6,115,1,2,2,0,4,1
2,BHA,WOL,1-1,2,1,1.65,4.05,5.0,116,1,4,0,0,4,1
3,BOU,SHU,0-1,1,3,2.25,3.45,3.2,117,2,1,0,2,3,1
4,BRE,LUT,0-1,1,3,1.76,3.75,4.75,118,2,3,3,2,8,1
5,BUR,NEW,0-0,0,0,3.85,3.8,1.92,119,x,2,2,4,8,0
6,CHE,TOT,0-2,1,2,2.01,3.9,3.4,120,2,2,2,3,7,1
7,EVE,MCI,2-0,2,3,3.25,3.7,2.14,34,2,3,2,3,8,1
8,LIV,ARS,0-1,1,1,2.2,4.1,2.9,121,x,1,4,0,5,0
9,MUN,FUL,0-0,1,0,1.47,4.9,6.0,122,1,7,0,0,7,1
10,NOT,CRY,0-0,1,2,2.55,3.75,2.6,123,2,0,2,2,4,1
1,ARS,CHE,0-1,3,2,2.03,3.9,3.35,124,1,4,1,1,6,1
2,BRE,NOT,0-1,1,2,1.86,3.8,4.05,125,2,2,0,2,4,1
3,CRY,BOU,1-0,2,0,1.74,3.9,4.65,126,1,3,3,1,7,1
4,LIV,BUR,1-0,1,0,1.41,5.25,7.0,127,1,3,1,1,5,1
5,LUT,BHA,1-0,3,1,4.15,3.8,1.85,128,1,3,2,1,6,1
6,MCI,AST,0-1,1,1,1.82,4.1,3.95,129,x,1,1,0,2,0
7,MUN,EVE,0-2,2,2,1.69,4.2,4.65,130,x,4,1,1,6,0
8,SHU,NEW,0-0,0,2,3.95,3.8,1.89,131,2,1,0,5,6,1
9,TOT,FUL,1-2,4,4,1.55,4.5,5.5,132,x,0,2,0,2,0
10,WOL,WHU,0-1,1,3,2.7,3.55,2.55,133,2,0,1,5,6,1
1,ARS,BHA,0-1,2,5,1.99,3.85,3.5,134,2,2,1,1,4,1
2,BOU,LUT,0-2,0,2,2.17,3.5,3.35,135,2,2,1,5,8,1
3,BRE,BUR,1-1,1,2,1.85,3.65,4.35,23,2,3,1,3,7,1
4,CHE,EVE,1-0,1,0,1.73,3.95,4.65,136,1,5,0,2,7,1
5,CRY,FUL,0-0,0,1,1.9,3.85,3.85,137,2,2,1,3,6,1
6,LIV,AST,1-1,2,2,2.0,4.1,3.3,138,x,1,1,2,4,0
7,MCI,MUN,1-0,5,1,1.86,4.3,3.65,139,1,5,3,0,8,1
8,NEW,WOL,1-0,1,2,1.63,4.15,5.25,140,2,5,1,2,8,1
9,SHU,NOT,1-0,1,2,2.3,3.65,3.0,141,2,1,2,2,5,1
10,TOT,WHU,0-2,2,2,1.95,3.85,3.65,142,x,2,1,2,5,0
1,BOU,ARS,0-2,0,2,4.45,4.0,1.75,143,2,2,2,5,9,1
2,BRE,AST,1-0,1,0,2.8,3.5,2.5,144,1,2,2,2,6,1
3,BUR,SHU,0-2,0,2,2.17,3.5,3.35,145,2,2,2,1,5,1
4,EVE,BHA,2-1,3,1,2.8,3.45,2.5,146,1,3,0,0,3,1
5,FUL,WHU,1-0,1,0,2.9,3.65,2.35,147,1,1,4,2,7,1
6,LIV,MUN,1-2,2,2,2.07,4.3,3.05,148,x,0,2,3,5,0
7,LUT,CRY,0-2,1,3,2.95,3.55,2.35,149,2,2,3,1,6,1
8,MCI,CHE,0-1,1,1,1.91,4.05,3.65,150,x,1,2,2,5,0
9,TOT,NEW,0-0,0,0,2.17,3.8,3.1,151,x,4,2,0,6,0
10,WOL,NOT,0-1,2,1,1.93,3.8,3.75,152,1,2,2,2,6,1
1,BHA,MCI,0-0,0,0,2.4,3.8,2.75,153,x,2,2,0,4,0
2,BOU,EVE,1-1,1,1,3.0,3.4,2.4,154,x,0,2,2,4,0
3,BUR,WOL,3-1,4,2,2.6,3.45,2.7,155,1,4,1,2,7,1
4,CHE,LIV,1-0,1,0,2.0,4.15,3.3,24,1,2,1,1,4,1
5,LUT,ARS,1-1,2,2,4.6,4.05,1.71,156,x,2,2,1,5,0
6,MUN,BRE,0-1,3,2,1.65,4.2,4.9,157,1,3,0,2,5,1
7,NEW,FUL,2-0,3,2,1.53,4.5,5.75,27,1,5,1,2,8,1
8,SHU,AST,0-2,1,2,3.75,3.7,1.96,158,2,3,0,3,6,1
9,TOT,NOT,0-0,0,0,1.48,4.8,6.0,29,x,2,4,1,7,0
10,WHU,CRY,0-0,2,1,1.88,3.85,3.95,159,1,3,2,1,6,1
1,AST,WOL,1-0,2,3,1.69,4.05,4.85,160,2,2,1,1,4,1
2,BHA,LIV,0-0,1,0,2.08,4.0,3.15,161,1,4,1,2,7,1
3,BOU,MCI,0-1,2,1,4.85,4.2,1.66,22,1,1,2,3,6,1
4,BUR,TOT,0-1,1,3,3.7,3.8,1.95,162,2,3,1,3,7,1
5,CHE,BRE,0-0,0,0,1.69,4.0,4.9,163,x,5,1,0,6,0
6,CRY,ARS,0-0,0,1,3.1,3.8,2.18,164,2,2,2,3,7,1
7,EVE,LUT,0-0,1,0,1.71,3.85,4.95,165,1,5,3,0,8,1
8,FUL,NOT,0-0,1,0,2.03,3.85,3.4,166,1,1,1,0,2,1
9,MUN,SHU,3-0,5,0,1.4,5.25,7.25,167,1,5,0,1,6,1
10,NEW,WHU,3-0,5,0,1.91,3.9,3.75,168,1,2,2,2,6,1
1,ARS,FUL,2-0,3,0,1.45,4.85,6.5,0,1,5,0,1,6,1
2,AST,LIV,3-0,4,0,2.14,4.05,3.05,30,1,2,1,2,5,1
3,BOU,SHU,0-2,1,3,2.25,3.45,3.2,117,2,1,0,2,3,1
4,BRE,EVE,0-0,3,2,2.3,3.35,3.15,72,1,5,4,1,10,1
5,BUR,WOL,0-1,1,3,2.6,3.45,2.7,155,2,4,1,2,7,1
6,CHE,LUT,0-2,2,4,1.39,5.0,7.75,100,2,5,1,1,7,1
7,CRY,MCI,0-0,0,0,3.3,3.9,2.05,169,x,0,2,2,4,0
8,MUN,NOT,3-0,5,0,1.41,5.25,6.75,7,1,7,0,0,7,1
9,TOT,NEW,3-0,4,2,2.17,3.8,3.1,151,1,4,2,0,6,1
10,WHU,BHA,1-0,1,0,2.45,3.6,2.8,59,1,2,2,3,7,1
1,BOU,NEW,1-0,1,1,4.05,3.8,1.86,51,x,1,1,5,7,0
2,BRE,ARS,0-0,0,0,3.15,3.6,2.21,170,x,2,3,2,7,0
3,CHE,NOT,4-1,4,1,1.44,4.95,6.75,171,1,4,1,2,7,1
4,FUL,BUR,0-2,3,3,2.0,3.7,3.65,172,x,2,2,1,5,0
5,LIV,MCI,1-3,3,3,2.35,4.15,2.65,173,x,2,1,1,4,0
6,LUT,AST,0-0,4,1,4.0,3.75,1.89,84,1,1,4,1,6,1
7,MUN,BHA,2-0,2,2,2.04,3.95,3.3,174,x,4,3,3,10,0
8,SHU,CRY,0-0,0,2,2.85,3.5,2.45,175,2,1,2,2,5,1
9,TOT,EVE,0-0,2,2,1.79,3.9,4.35,176,x,2,2,0,4,0
10,WHU,WOL,0-0,3,1,1.81,3.85,4.3,110,1,2,4,1,7,1
1,AST,MCI,0-2,1,2,2.5,3.8,2.6,10,2,3,2,2,7,1
2,BHA,ARS,0-2,0,5,2.3,3.75,2.95,177,2,3,0,1,4,1
3,BRE,BOU,0-0,7,0,1.8,3.7,4.6,178,1,3,2,3,8,1
4,CHE,CRY,0-0,2,1,1.65,4.2,4.9,74,1,4,0,1,5,1
5,LUT,WHU,0-1,0,3,3.55,3.65,2.04,5,2,1,1,5,7,1
6,MUN,LIV,2-0,4,1,1.97,4.35,3.25,179,1,3,1,2,6,1
7,NEW,FUL,0-0,1,0,1.53,4.5,5.75,27,1,5,1,2,8,1
8,NOT,BUR,2-2,2,2,2.06,3.75,3.4,180,x,3,2,1,6,0
9,SHU,TOT,0-1,0,3,3.8,3.8,1.93,181,2,2,0,3,5,1
10,WOL,EVE,0-0,0,0,2.45,3.4,2.95,182,x,4,2,5,11,0
1,BHA,LIV,1-0,1,1,2.08,4.0,3.15,161,x,4,1,2,7,0
2,BRE,AST,1-1,3,1,2.8,3.5,2.5,144,1,2,2,2,6,1
3,BUR,EVE,1-0,1,0,2.9,3.4,2.5,90,1,5,0,2,7,1
4,CHE,TOT,1-0,2,1,2.01,3.9,3.4,120,1,2,2,3,7,1
5,CRY,WOL,1-1,1,1,2.05,3.65,3.5,82,x,0,2,1,3,0
6,MCI,FUL,1-1,4,1,1.39,5.25,7.25,183,1,4,2,0,6,1
7,MUN,BOU,3-0,6,0,1.38,5.25,7.5,184,1,2,0,0,2,1
8,NEW,WHU,1-0,2,0,1.91,3.9,3.75,168,1,2,2,2,6,1
9,NOT,LUT,0-0,2,3,1.95,3.8,3.7,185,2,3,2,3,8,1
10,SHU,ARS,1-0,1,0,4.35,3.95,1.78,186,1,2,1,0,3,1
1,BOU,BHA,1-0,2,0,4.05,3.75,1.88,71,1,1,0,4,5,1
2,BRE,FUL,0-0,0,0,1.96,3.65,3.85,187,x,1,3,0,4,0
3,BUR,CRY,0-0,0,2,2.75,3.55,2.5,188,2,0,1,1,2,1
4,LIV,ARS,0-0,0,0,2.2,4.1,2.9,121,x,1,4,0,5,0
5,LUT,EVE,1-2,2,2,3.1,3.4,2.35,189,x,0,1,1,2,0
6,MCI,WHU,0-0,1,0,1.7,4.25,4.5,190,1,1,2,1,4,1
7,MUN,AST,0-2,0,2,1.97,4.05,3.45,191,2,2,1,4,7,1
8,NOT,NEW,0-1,0,1,3.6,3.95,1.94,47,2,2,1,4,7,1
9,SHU,CHE,0-1,1,3,4.1,3.8,1.85,192,2,1,2,2,5,1
10,TOT,WOL,2-0,3,2,1.65,4.15,4.95,96,1,3,1,0,4,1
1,BHA,AST,0-0,1,0,2.08,3.75,3.35,193,1,6,1,3,10,1
2,BOU,ARS,0-3,1,5,4.45,4.0,1.75,143,2,2,2,5,9,1
3,CRY,LUT,0-0,0,0,1.7,4.0,4.8,44,x,3,1,1,5,0
4,EVE,NEW,0-0,1,2,2.8,3.55,2.45,194,2,3,0,2,5,1
5,FUL,MUN,0-2,2,3,3.45,4.0,1.97,195,2,0,2,3,5,1
6,MCI,NOT,1-1,1,1,1.34,5.75,8.0,94,x,4,1,1,6,0
7,SHU,LIV,1-0,1,1,3.9,4.1,1.83,196,x,3,1,4,8,0
8,TOT,BUR,2-2,3,2,1.48,4.6,6.5,197,1,1,2,3,6,1
9,WHU,BRE,2-0,5,0,1.91,3.65,4.0,49,1,6,1,1,8,1
10,WOL,CHE,1-2,2,2,3.2,3.65,2.17,198,x,0,2,2,4,0
1,ARS,MCI,0-1,0,2,2.2,3.95,2.95,60,2,1,3,7,11,1
2,AST,BUR,4-1,4,1,1.51,4.45,6.25,199,1,2,0,0,2,1
3,BOU,LUT,2-0,2,1,2.17,3.5,3.35,135,1,2,1,5,8,1
4,BRE,BHA,1-2,1,2,2.95,3.45,2.4,200,2,0,1,3,4,1
5,CHE,WHU,1-0,1,0,1.87,3.9,3.9,201,1,3,0,1,4,1
6,CRY,EVE,1-0,1,0,2.25,3.55,3.15,25,1,5,1,0,6,1
7,LIV,NEW,0-0,2,0,2.07,4.1,3.15,92,1,5,0,1,6,1
8,MUN,SHU,0-0,1,0,1.4,5.25,7.25,167,1,5,0,1,6,1
9,NOT,TOT,0-0,0,0,3.45,3.95,1.98,202,x,0,3,1,4,0
10,WOL,FUL,3-2,6,4,2.04,3.65,3.55,203,1,2,1,1,4,1
1,AST,LUT,0-1,0,1,1.45,4.65,7.0,204,2,3,2,1,6,1
2,BOU,NEW,0-2,0,2,4.05,3.8,1.86,51,2,1,1,5,7,1
3,BUR,NOT,0-0,0,0,2.24,3.65,3.05,205,x,0,1,2,3,0
4,CHE,FUL,2-0,2,0,1.5,4.6,6.0,206,1,3,0,1,4,1
5,CRY,SHU,0-0,0,0,1.77,3.85,4.5,207,x,3,3,0,6,0
6,EVE,MCI,1-1,1,1,3.25,3.7,2.14,34,x,3,2,3,8,0
7,LIV,BRE,1-0,1,0,1.67,4.25,4.7,208,1,3,1,0,4,1
8,MUN,BHA,1-2,1,2,2.04,3.95,3.3,174,2,4,3,3,10,1
9,TOT,ARS,1-0,1,0,2.3,3.85,2.85,209,1,2,0,2,4,1
10,WOL,WHU,1-2,1,2,2.7,3.55,2.55,133,2,0,1,5,6,1
1,BHA,NOT,0-1,0,1,1.48,4.7,6.25,62,2,4,3,1,8,1
2,BOU,FUL,0-0,1,0,2.5,3.5,2.8,210,1,2,3,2,7,1
3,CHE,MCI,1-1,3,3,2.3,3.85,2.8,211,x,1,2,2,5,0
4,EVE,ARS,1-1,1,1,3.0,3.6,2.3,212,x,1,2,1,4,0
5,LIV,CRY,3-0,7,1,1.63,4.5,4.7,213,1,6,2,0,8,1
6,LUT,BRE,1-0,3,0,3.0,3.35,2.4,214,1,3,0,0,3,1
7,NEW,MUN,0-2,0,5,2.12,4.0,3.1,77,2,2,2,2,6,1
8,SHU,BUR,0-0,0,0,2.25,3.45,3.2,215,x,0,4,0,4,0
9,WHU,AST,0-0,1,0,2.35,3.65,2.9,79,1,4,4,0,8,1
10,WOL,TOT,0-1,0,3,3.0,3.65,2.3,216,2,2,1,4,7,1
1,ARS,BOU,1-1,1,1,1.37,5.25,8.25,217,x,1,2,0,3,0
2,BHA,SHU,1-0,2,0,1.47,4.55,6.75,218,1,5,0,1,6,1
3,CRY,WHU,2-0,2,1,2.5,3.6,2.7,219,1,4,1,1,6,1
4,EVE,AST,0-0,1,2,2.7,3.5,2.55,220,2,3,1,3,7,1
5,FUL,NEW,0-1,0,1,3.4,3.8,2.05,221,2,0,1,4,5,1
6,LIV,NOT,0-0,0,0,1.41,5.5,6.5,222,x,4,2,0,6,0
7,LUT,BUR,0-1,3,1,2.35,3.45,3.05,223,1,2,1,0,3,1
8,MCI,MUN,2-1,4,3,1.86,4.3,3.65,139,1,5,3,0,8,1
9,TOT,BRE,0-0,0,1,1.75,3.9,4.55,224,2,3,0,1,4,1
10,WOL,CHE,0-1,1,1,3.2,3.65,2.17,198,x,0,2,2,4,0
1,ARS,MUN,2-1,2,1,1.97,4.15,3.35,97,1,2,0,1,3,1
2,BHA,FUL,1-1,1,1,1.55,4.4,5.75,42,x,2,1,1,4,0
3,BRE,EVE,1-0,3,1,2.3,3.35,3.15,72,1,5,4,1,10,1
4,CHE,AST,2-1,3,3,2.01,3.85,3.5,225,x,4,2,1,7,0
5,MCI,NEW,0-0,0,1,1.87,4.1,3.75,85,2,4,1,1,6,1
6,NOT,LUT,3-0,3,1,1.95,3.8,3.7,185,1,3,2,3,8,1
7,SHU,LIV,0-1,0,2,3.9,4.1,1.83,196,2,3,1,4,8,1
8,TOT,CRY,5-1,5,4,1.71,4.15,4.5,103,1,7,0,0,7,1
9,WHU,BUR,1-1,2,1,1.6,4.2,5.5,226,1,3,3,0,6,1
10,WOL,BOU,0-0,1,1,1.85,3.7,4.25,227,x,3,2,0,5,0
1,ARS,NEW,0-2,0,3,1.98,3.95,3.5,228,2,3,0,2,5,1
2,AST,BOU,1-0,1,1,1.47,4.55,6.75,229,x,3,2,0,5,0
3,BRE,CHE,1-1,2,3,3.0,3.55,2.3,230,2,1,0,3,4,1
4,BUR,TOT,0-1,1,1,3.7,3.8,1.95,162,x,3,1,3,7,0
5,EVE,CRY,2-0,2,1,2.14,3.55,3.35,231,1,5,3,1,9,1
6,LIV,BHA,2-0,3,3,2.07,4.0,3.15,232,x,4,3,1,8,0
7,LUT,SHU,0-1,0,2,2.3,3.45,3.1,75,2,1,2,1,4,1
8,MCI,FUL,1-0,1,1,1.39,5.25,7.25,183,x,4,2,0,6,0
9,MUN,WOL,1-0,1,0,1.57,4.5,5.5,26,1,6,1,1,8,1
10,WHU,NOT,1-0,2,2,1.6,4.35,5.25,233,x,2,1,0,3,0
1,BRE,BOU,2-0,2,0,1.8,3.7,4.6,178,1,3,2,3,8,1
2,BUR,EVE,0-0,4,0,2.9,3.4,2.5,90,1,5,0,2,7,1
3,CRY,CHE,1-1,2,3,2.95,3.7,2.3,234,2,2,0,2,4,1
4,FUL,ARS,0-1,0,3,3.7,3.95,1.92,235,2,2,0,3,5,1
5,LUT,LIV,1-0,1,0,4.15,4.2,1.76,236,1,2,0,2,4,1
6,MCI,BHA,0-1,1,4,1.88,4.0,3.8,237,2,1,1,2,4,1
7,MUN,AST,4-0,6,3,1.97,4.05,3.45,191,1,2,1,4,7,1
8,NOT,TOT,3-2,4,4,3.45,3.95,1.98,202,x,0,3,1,4,0
9,WHU,SHU,1-0,2,1,1.58,4.2,5.5,104,1,4,0,1,5,1
10,WOL,NEW,0-1,2,2,3.1,3.65,2.22,238,x,1,3,0,4,0
1,ARS,MCI,0-0,0,0,2.2,3.95,2.95,60,x,1,3,7,11,0
2,AST,NEW,0-1,1,3,2.21,3.75,3.05,239,2,1,1,1,3,1
3,BHA,LUT,3-1,5,1,1.43,4.75,7.25,105,1,7,1,0,8,1
4,CHE,BUR,2-1,6,1,1.44,4.75,7.0,240,1,3,1,0,4,1
5,CRY,BOU,2-2,2,2,1.74,3.9,4.65,126,x,3,3,1,7,0
6,LIV,WHU,0-2,0,2,1.85,4.2,3.75,241,2,0,0,3,3,1
7,MUN,BRE,0-2,0,4,1.65,4.2,4.9,157,2,3,0,2,5,1
8,NOT,EVE,0-0,0,1,2.7,3.6,2.55,242,2,0,2,2,4,1
9,TOT,SHU,0-1,1,1,1.47,4.65,6.5,86,x,4,1,1,6,0
10,WOL,FUL,0-0,0,0,2.04,3.65,3.55,203,x,2,1,1,4,0
1,ARS,TOT,0-0,2,0,1.93,4.0,3.6,70,1,3,0,2,5,1
2,BHA,MUN,0-0,2,0,2.14,3.9,3.1,243,1,2,1,0,3,1
3,BRE,LIV,2-0,5,0,2.85,3.8,2.3,244,1,2,0,3,5,1
4,FUL,CHE,0-0,2,1,3.5,3.8,2.0,245,1,3,0,2,5,1
5,LUT,AST,1-0,1,1,4.0,3.75,1.89,84,x,1,4,1,6,0
6,MCI,EVE,0-1,1,1,1.58,4.35,5.5,246,x,2,1,0,3,0
7,NEW,BOU,2-0,3,1,1.43,4.75,7.25,247,1,4,0,1,5,1
8,NOT,BUR,0-0,0,1,2.06,3.75,3.4,180,2,3,2,1,6,1
9,SHU,CRY,1-0,2,2,2.85,3.5,2.45,175,x,1,2,2,5,0
10,WHU,WOL,0-0,0,0,1.81,3.85,4.3,110,x,2,4,1,7,0
1,ARS,EVE,0-1,0,1,1.66,4.1,4.95,248,2,3,0,1,4,1
2,AST,WHU,1-1,2,1,1.99,3.8,3.6,115,1,2,2,0,4,1
3,BRE,LUT,1-0,1,1,1.76,3.75,4.75,118,x,3,3,2,8,0
4,BUR,SHU,0-0,1,1,2.17,3.5,3.35,145,x,2,2,1,5,0
5,CRY,LIV,1-1,2,1,2.8,3.95,2.3,249,1,2,0,2,4,1
6,FUL,BOU,0-0,2,2,1.94,3.7,3.85,250,x,2,2,2,6,0
7,MCI,CHE,0-0,0,1,1.91,4.05,3.65,150,2,1,2,2,5,1
8,MUN,NEW,1-4,2,7,2.04,4.05,3.25,251,2,0,2,2,4,1
9,NOT,BHA,0-2,0,4,3.6,3.85,1.97,252,2,1,2,1,4,1
10,TOT,WOL,0-0,0,0,1.65,4.15,4.95,96,x,3,1,0,4,0
1,BHA,NEW,0-0,1,2,2.15,3.75,3.2,253,2,2,1,2,5,1
2,BOU,MCI,0-0,0,0,4.85,4.2,1.66,22,x,1,2,3,6,0
3,BUR,LIV,0-1,0,2,3.8,4.1,1.86,43,2,0,1,4,5,1
4,CHE,ARS,3-0,4,0,2.19,3.85,3.05,33,1,6,1,2,9,1
5,CRY,LUT,1-0,1,0,1.7,4.0,4.8,44,1,3,1,1,5,1
6,MUN,FUL,1-0,3,0,1.47,4.9,6.0,122,1,7,0,0,7,1
7,NOT,SHU,1-1,1,2,2.03,3.7,3.5,38,2,7,0,2,9,1
8,TOT,AST,0-0,0,3,2.1,3.8,3.25,254,2,1,2,2,5,1
9,WHU,BRE,0-0,0,2,1.91,3.65,4.0,49,2,6,1,1,8,1
10,WOL,EVE,1-0,1,0,2.45,3.4,2.95,182,1,4,2,5,11,1
1,AST,EVE,1-1,2,1,1.82,3.8,4.25,98,1,4,1,1,6,1
2,BOU,ARS,1-3,1,3,4.45,4.0,1.75,143,2,2,2,5,9,1
3,BRE,TOT,1-0,1,2,2.85,3.55,2.45,255,2,0,1,1,2,1
4,BUR,LUT,1-0,1,0,2.08,3.55,3.55,256,1,4,0,3,7,1
5,CHE,WOL,1-2,2,2,1.6,4.25,5.5,53,x,3,4,0,7,0
6,MUN,MCI,1-0,1,2,2.3,4.05,2.75,46,2,1,2,2,5,1
7,NEW,FUL,1-0,2,0,1.53,4.5,5.75,27,1,5,1,2,8,1
8,NOT,LIV,0-1,2,1,3.55,4.25,1.88,78,1,1,4,2,7,1
9,SHU,BHA,0-1,2,1,3.95,3.7,1.92,17,1,1,1,3,5,1
10,WHU,CRY,0-1,1,1,1.88,3.85,3.95,159,x,3,2,1,6,0
1,AST,CHE,0-0,0,0,2.3,3.75,2.95,41,x,0,3,3,6,0
2,BOU,WOL,0-1,0,2,2.7,3.4,2.6,257,2,1,1,1,3,1
3,BUR,WHU,2-0,3,1,3.3,3.6,2.16,111,1,3,1,3,7,1
4,CRY,TOT,0-1,1,3,2.8,3.7,2.4,258,2,1,2,2,5,1
5,EVE,BRE,1-0,2,0,2.18,3.4,3.45,259,1,3,1,1,5,1
6,FUL,BHA,2-1,2,1,3.4,3.7,2.08,260,1,3,1,3,7,1
7,LIV,SHU,4-0,8,0,1.4,5.25,7.0,261,1,6,3,0,9,1
8,LUT,NOT,1-1,4,1,2.4,3.65,2.85,16,1,4,1,1,6,1
9,MUN,ARS,0-1,1,1,2.16,4.05,3.0,262,x,4,2,1,7,0
10,NEW,MCI,1-0,1,0,2.4,3.85,2.75,263,1,3,1,1,5,1
1,BHA,LIV,0-0,2,1,2.08,4.0,3.15,161,1,4,1,2,7,1
2,BOU,AST,2-1,2,1,3.85,3.75,1.93,264,1,2,0,1,3,1
3,CHE,BRE,1-0,2,0,1.69,4.0,4.9,163,1,5,1,0,6,1
4,CRY,EVE,1-0,2,1,2.25,3.55,3.15,25,1,5,1,0,6,1
5,FUL,MCI,1-1,1,1,4.0,4.1,1.81,265,x,2,1,1,4,0
6,NEW,ARS,2-2,2,3,2.25,3.8,2.95,266,2,3,1,3,7,1
7,NOT,WHU,0-1,0,1,3.1,3.75,2.19,267,2,3,1,1,5,1
8,SHU,LUT,1-0,3,0,2.13,3.5,3.45,268,1,1,2,0,3,1
9,TOT,BUR,0-2,2,3,1.48,4.6,6.5,197,2,1,2,3,6,1
10,WOL,MUN,0-0,1,1,3.15,3.85,2.13,269,x,0,1,0,1,0
1,AST,TOT,0-1,1,1,2.15,3.8,3.15,270,x,3,2,3,8,0
2,BHA,BOU,2-0,3,0,1.45,4.6,7.0,99,1,2,2,0,4,1
3,BRE,CHE,0-2,1,2,3.0,3.55,2.3,230,2,1,0,3,4,1
4,BUR,MCI,0-2,0,5,4.55,4.15,1.71,271,2,0,0,4,4,1
5,CRY,LUT,1-0,2,1,1.7,4.0,4.8,44,1,3,1,1,5,1
6,EVE,MUN,2-1,2,2,2.85,3.75,2.35,107,x,1,1,0,2,0
7,LIV,SHU,1-0,3,2,1.4,5.25,7.0,261,1,6,3,0,9,1
8,NOT,FUL,0-0,2,1,2.23,3.75,3.0,272,1,4,1,2,7,1
9,WHU,ARS,1-0,3,2,2.6,3.75,2.55,19,1,3,2,2,7,1
10,WOL,NEW,3-2,4,3,3.1,3.65,2.22,238,1,1,3,0,4,1
1,AST,BHA,0-0,2,3,2.22,3.7,3.1,21,2,2,1,1,4,1
2,BRE,LUT,0-0,1,0,1.76,3.75,4.75,118,1,3,3,2,8,1
3,BUR,MUN,0-0,1,1,3.95,4.05,1.84,273,x,1,2,3,6,0
4,CHE,BOU,2-1,4,1,1.41,4.85,7.5,274,1,3,1,0,4,1
5,CRY,LIV,2-1,3,2,2.8,3.95,2.3,249,1,2,0,2,4,1
6,FUL,WHU,0-0,0,2,2.9,3.65,2.35,147,2,1,4,2,7,1
7,NOT,MCI,2-1,4,2,4.3,4.3,1.72,275,1,2,0,5,7,1
8,SHU,NEW,0-2,0,3,3.95,3.8,1.89,131,2,1,0,5,6,1
9,TOT,ARS,0-0,1,2,2.3,3.85,2.85,209,2,2,0,2,4,1
10,WOL,EVE,0-0,0,0,2.45,3.4,2.95,182,x,4,2,5,11,0
1,ARS,BHA,1-1,2,2,1.99,3.85,3.5,134,x,2,1,1,4,0
2,AST,CHE,1-2,2,3,2.3,3.75,2.95,41,2,0,3,3,6,1
3,BOU,LUT,0-0,0,2,2.17,3.5,3.35,135,2,2,1,5,8,1
4,BRE,LIV,0-0,0,1,2.85,3.8,2.3,244,2,2,0,3,5,1
5,BUR,EVE,1-0,2,1,2.9,3.4,2.5,90,1,5,0,2,7,1
6,CRY,NEW,1-0,1,4,2.85,3.7,2.35,276,2,3,3,1,7,1
7,FUL,TOT,1-1,1,3,3.25,3.8,2.1,108,2,3,0,5,8,1
8,MUN,NOT,2-0,3,0,1.41,5.25,6.75,7,1,7,0,0,7,1
9,SHU,WOL,1-2,2,2,2.65,3.4,2.65,277,x,2,1,1,4,0
10,WHU,MCI,1-2,1,4,2.75,3.8,2.4,278,2,1,1,2,4,1
1,ARS,CHE,1-1,3,1,2.03,3.9,3.35,124,1,4,1,1,6,1
2,BRE,NEW,0-1,1,2,2.95,3.5,2.4,12,2,2,1,2,5,1
3,FUL,BHA,0-1,0,2,3.4,3.7,2.08,260,2,3,1,3,7,1
4,LIV,BOU,3-0,4,1,1.38,5.25,7.5,279,1,5,0,2,7,1
5,LUT,AST,0-1,0,2,4.0,3.75,1.89,84,2,1,4,1,6,1
6,MUN,WHU,0-2,2,3,1.83,4.15,3.85,280,2,3,1,1,5,1
7,NOT,BUR,1-1,1,1,2.06,3.75,3.4,180,x,3,2,1,6,0
8,SHU,EVE,1-2,1,5,2.95,3.4,2.45,57,2,2,1,2,5,1
9,TOT,MCI,0-0,3,0,2.45,3.9,2.65,281,1,2,1,2,5,1
10,WOL,CRY,1-0,2,1,2.3,3.55,3.0,69,1,5,2,1,8,1
1,BRE,WOL,0-2,0,2,2.12,3.45,3.5,282,2,5,2,2,9,1
2,CHE,FUL,1-0,3,0,1.5,4.6,6.0,206,1,3,0,1,4,1
3,CRY,SHU,0-0,1,0,1.77,3.85,4.5,207,1,3,3,0,6,1
4,EVE,NOT,2-0,2,0,1.8,3.9,4.25,83,1,2,0,1,3,1
5,LIV,AST,0-0,0,1,2.0,4.1,3.3,138,2,1,1,2,4,1
6,LUT,ARS,0-0,1,1,4.6,4.05,1.71,156,x,2,2,1,5,0
7,MCI,BHA,1-0,1,0,1.88,4.0,3.8,237,1,1,1,2,4,1
8,MUN,TOT,1-0,2,1,1.98,4.1,3.35,114,1,3,1,1,5,1
9,NEW,BOU,0-3,0,4,1.43,4.75,7.25,247,2,4,0,1,5,1
10,WHU,BUR,2-0,4,0,1.6,4.2,5.5,226,1,3,3,0,6,1
1,AST,NEW,1-1,2,2,2.21,3.75,3.05,239,x,1,1,1,3,0
2,BHA,MUN,1-0,3,2,2.14,3.9,3.1,243,1,2,1,0,3,1
3,BUR,TOT,0-2,0,4,3.7,3.8,1.95,162,2,3,1,3,7,1
4,CHE,MCI,1-1,2,2,2.3,3.85,2.8,211,x,1,2,2,5,0
5,CRY,EVE,0-1,2,1,2.25,3.55,3.15,25,1,5,1,0,6,1
6,LIV,ARS,1-0,2,2,2.2,4.1,2.9,121,x,1,4,0,5,0
7,LUT,FUL,0-0,0,0,2.55,3.5,2.7,283,x,2,1,1,4,0
8,NOT,WHU,1-1,2,1,3.1,3.75,2.19,267,1,3,1,1,5,1
9,SHU,BRE,2-1,2,1,2.85,3.35,2.55,284,1,2,2,2,6,1
10,WOL,BOU,1-0,2,1,1.85,3.7,4.25,227,1,3,2,0,5,1
1,ARS,NEW,0-0,2,1,1.98,3.95,3.5,228,1,3,0,2,5,1
2,BHA,BUR,4-0,4,1,1.48,4.5,6.5,31,1,4,0,0,4,1
3,BRE,CRY,0-1,1,4,2.21,3.5,3.25,285,2,2,1,3,6,1
4,CHE,MUN,0-1,1,2,2.06,4.0,3.2,286,2,1,1,1,3,1
5,EVE,WHU,2-0,4,1,2.5,3.5,2.8,287,1,2,2,0,4,1
6,FUL,LIV,1-1,1,1,3.35,4.1,2.0,54,x,1,2,4,7,0
7,LUT,MCI,0-2,0,2,5.0,4.25,1.63,288,2,1,2,4,7,1
8,NOT,TOT,1-1,1,1,3.45,3.95,1.98,202,x,0,3,1,4,0
9,SHU,BOU,0-0,0,0,2.18,3.45,3.35,48,x,2,4,1,7,0
10,WOL,AST,1-1,1,2,3.0,3.6,2.3,289,2,1,2,1,4,1
1,ARS,WOL,1-0,2,0,1.55,4.45,5.75,40,1,2,2,0,4,1
2,AST,SHU,2-0,5,0,1.49,4.5,6.5,290,1,5,0,0,5,1
3,BHA,NOT,0-0,1,0,1.48,4.7,6.25,62,1,4,3,1,8,1
4,CHE,BUR,3-0,5,0,1.44,4.75,7.0,240,1,3,1,0,4,1
5,CRY,BOU,0-0,1,1,1.74,3.9,4.65,126,x,3,3,1,7,0
6,EVE,BRE,1-0,1,0,2.18,3.4,3.45,259,1,3,1,1,5,1
7,MCI,LIV,1-1,2,2,1.8,4.4,3.8,6,x,3,2,0,5,0
8,MUN,LUT,1-0,4,0,1.36,5.5,8.0,291,1,5,0,0,5,1
9,NEW,FUL,1-0,2,0,1.53,4.5,5.75,27,1,5,1,2,8,1
10,WHU,TOT,0-1,1,2,2.35,3.7,2.85,292,2,1,4,2,7,1
1,ARS,SHU,1-0,2,0,1.39,5.0,7.75,293,1,1,2,0,3,1
2,AST,CRY,0-0,1,0,1.75,4.05,4.45,1,1,3,0,1,4,1
3,BHA,WHU,0-0,1,0,1.94,3.8,3.75,294,1,2,1,0,3,1
4,BOU,BRE,0-0,2,0,2.9,3.35,2.5,63,1,1,2,5,8,1
5,BUR,LUT,0-0,1,0,2.08,3.55,3.55,256,1,4,0,3,7,1
6,CHE,NOT,2-3,2,4,1.44,4.95,6.75,171,2,4,1,2,7,1
7,EVE,TOT,3-2,4,4,2.75,3.55,2.5,45,x,2,3,2,7,0
8,FUL,WOL,0-1,1,1,2.35,3.55,3.0,15,x,3,3,1,7,0
9,MUN,LIV,0-1,1,1,1.97,4.35,3.25,179,x,3,1,2,6,0
10,NEW,MCI,0-1,1,1,2.4,3.85,2.75,263,x,3,1,1,5,0
1,BHA,TOT,0-0,0,0,2.09,3.8,3.3,295,x,0,4,0,4,0
2,BRE,AST,1-3,2,3,2.8,3.5,2.5,144,2,2,2,2,6,1
3,CHE,WHU,2-0,2,0,1.87,3.9,3.9,201,1,3,0,1,4,1
4,CRY,ARS,0-0,0,0,3.1,3.8,2.18,164,x,2,2,3,7,0
5,EVE,BOU,1-0,2,0,1.74,3.8,4.8,4,1,4,4,0,8,1
6,FUL,SHU,0-1,1,2,1.97,3.65,3.75,296,2,1,0,2,3,1
7,LIV,BUR,2-1,4,1,1.41,5.25,7.0,127,1,3,1,1,5,1
8,LUT,NOT,1-0,2,0,2.4,3.65,2.85,16,1,4,1,1,6,1
9,MCI,WOL,4-0,5,0,1.48,4.7,6.25,76,1,4,4,1,9,1
10,NEW,MUN,0-1,2,2,2.12,4.0,3.1,77,x,2,2,2,6,0
1,AST,BOU,1-1,2,2,1.47,4.55,6.75,229,x,3,2,0,5,0
2,BHA,EVE,0-0,2,0,1.78,3.8,4.45,297,1,3,0,1,4,1
3,BRE,ARS,1-0,3,1,3.15,3.6,2.21,170,1,2,3,2,7,1
4,BUR,NEW,0-4,1,5,3.85,3.8,1.92,119,2,2,2,4,8,1
5,CRY,FUL,1-0,2,0,1.9,3.85,3.85,137,1,2,1,3,6,1
6,MCI,SHU,0-0,3,1,1.33,5.5,8.75,298,1,4,2,0,6,1
7,MUN,WOL,0-1,0,1,1.57,4.5,5.5,26,2,6,1,1,8,1
8,NOT,LIV,0-0,1,1,3.55,4.25,1.88,78,x,1,4,2,7,0
9,TOT,CHE,0-0,2,1,2.23,3.8,3.0,299,1,2,0,0,2,1
10,WHU,LUT,1-1,5,2,1.53,4.35,6.0,300,1,1,0,0,1,1
1,ARS,BRE,1-1,2,2,1.63,4.15,5.25,301,x,2,1,0,3,0
2,AST,TOT,1-0,2,1,2.15,3.8,3.15,270,1,3,2,3,8,1
3,BHA,WOL,2-0,3,1,1.65,4.05,5.0,116,1,4,0,0,4,1
4,CRY,WHU,0-3,0,4,2.5,3.6,2.7,219,2,4,1,1,6,1
5,FUL,CHE,0-1,2,1,3.5,3.8,2.0,245,1,3,0,2,5,1
6,LIV,SHU,1-0,3,0,1.4,5.25,7.0,261,1,6,3,0,9,1
7,LUT,BOU,2-1,2,1,2.25,3.45,3.2,302,1,2,1,2,5,1
8,MCI,BUR,1-0,3,0,1.34,5.5,8.5,101,1,4,1,1,6,1
9,MUN,NOT,2-2,3,2,1.41,5.25,6.75,7,1,7,0,0,7,1
10,NEW,EVE,0-2,0,2,1.76,3.9,4.5,65,2,0,1,2,3,1
1,BHA,SHU,0-0,1,0,1.47,4.55,6.75,218,1,5,0,1,6,1
2,BOU,NEW,0-1,0,1,4.05,3.8,1.86,51,2,1,1,5,7,1
3,BRE,TOT,0-0,0,0,2.85,3.55,2.45,255,x,0,1,1,2,0
4,CRY,NOT,0-0,0,4,1.8,4.05,4.1,303,2,2,1,1,4,1
5,FUL,LIV,2-0,3,1,3.35,4.1,2.0,54,1,1,2,4,7,1
6,LUT,CHE,0-0,2,1,4.35,3.9,1.78,304,1,1,0,2,3,1
7,MCI,AST,0-0,1,0,1.82,4.1,3.95,129,1,1,1,0,2,1
8,MUN,EVE,0-0,4,0,1.69,4.2,4.65,130,1,4,1,1,6,1
9,WHU,BUR,2-0,3,2,1.6,4.2,5.5,226,1,3,3,0,6,1
10,WOL,ARS,0-0,2,0,3.35,3.75,2.07,305,1,2,1,2,5,1
1,ARS,MCI,2-0,2,1,2.2,3.95,2.95,60,1,1,3,7,11,1
2,BHA,WHU,1-0,1,0,1.94,3.8,3.75,294,1,2,1,0,3,1
3,BRE,AST,0-0,0,1,2.8,3.5,2.5,144,2,2,2,2,6,1
4,EVE,CHE,0-1,1,3,2.9,3.55,2.4,14,2,1,1,3,5,1
5,FUL,MUN,0-0,0,0,3.45,4.0,1.97,195,x,0,2,3,5,0
6,LIV,NOT,3-0,5,0,1.41,5.5,6.5,222,1,4,2,0,6,1
7,LUT,NEW,0-2,2,4,4.2,3.85,1.82,306,2,0,0,3,3,1
8,SHU,CRY,0-0,1,1,2.85,3.5,2.45,175,x,1,2,2,5,0
9,TOT,BOU,1-0,1,1,1.45,4.7,7.0,307,x,2,1,0,3,0
10,WOL,BUR,0-0,1,1,1.91,3.65,4.0,9,x,1,2,3,6,0
1,AST,WOL,2-1,3,1,1.69,4.05,4.85,160,1,2,1,1,4,1
2,BHA,NOT,1-0,5,1,1.48,4.7,6.25,62,1,4,3,1,8,1
3,BOU,CHE,1-1,1,1,4.2,3.85,1.82,88,x,2,2,5,9,0
4,BUR,SHU,2-1,3,3,2.17,3.5,3.35,145,x,2,2,1,5,0
5,CRY,FUL,1-2,2,3,1.9,3.85,3.85,137,2,2,1,3,6,1
6,EVE,LIV,0-0,1,0,2.75,3.8,2.4,308,1,2,1,1,4,1
7,MCI,BRE,0-1,0,2,1.55,4.4,5.75,309,2,4,0,2,6,1
8,MUN,LUT,1-0,3,2,1.36,5.5,8.0,291,1,5,0,0,5,1
9,NEW,TOT,1-1,2,2,2.06,3.85,3.3,310,x,2,2,0,4,0
10,WHU,ARS,0-0,0,0,2.6,3.75,2.55,19,x,3,2,2,7,0
1,ARS,NOT,1-1,1,1,1.39,5.25,7.25,311,x,3,1,0,4,0
2,AST,SHU,0-0,2,0,1.49,4.5,6.5,290,1,5,0,0,5,1
3,BHA,EVE,0-2,0,4,1.78,3.8,4.45,297,2,3,0,1,4,1
4,BRE,WHU,0-0,1,0,2.6,3.45,2.7,89,1,3,0,4,7,1
5,BUR,FUL,1-1,1,1,2.4,3.55,2.9,73,x,1,4,1,6,0
6,LIV,BOU,1-0,1,0,1.38,5.25,7.5,279,1,5,0,2,7,1
7,LUT,CRY,0-0,0,0,2.95,3.55,2.35,149,x,2,3,1,6,0
8,NEW,MUN,1-1,1,1,2.12,4.0,3.1,77,x,2,2,2,6,0
9,TOT,CHE,2-1,4,1,2.23,3.8,3.0,299,1,2,0,0,2,1
10,WOL,MCI,0-0,1,1,3.65,3.85,1.96,312,x,1,2,0,3,0
1,BOU,BHA,0-1,0,2,4.05,3.75,1.88,71,2,1,0,4,5,1
2,BUR,LUT,2-2,2,5,2.08,3.55,3.55,256,2,4,0,3,7,1
3,CRY,NEW,2-1,2,1,2.85,3.7,2.35,276,1,3,3,1,7,1
4,EVE,ARS,0-0,0,1,3.0,3.6,2.3,212,2,1,2,1,4,1
5,FUL,AST,0-1,1,3,3.25,3.7,2.14,313,2,0,3,1,4,1
6,LIV,CHE,0-1,2,1,2.12,4.05,3.05,314,1,3,1,1,5,1
7,MUN,TOT,0-2,2,2,1.98,4.1,3.35,114,x,3,1,1,5,0
8,NOT,BRE,0-0,0,0,2.6,3.55,2.65,56,x,4,2,1,7,0
9,SHU,MCI,1-1,1,3,4.7,4.15,1.69,315,2,1,2,3,6,1
10,WHU,WOL,1-0,1,1,1.81,3.85,4.3,110,x,2,4,1,7,0
1,ARS,BOU,1-0,2,0,1.37,5.25,8.25,217,1,1,2,0,3,1
2,AST,LUT,0-0,0,0,1.45,4.65,7.0,204,x,3,2,1,6,0
3,BRE,EVE,0-0,1,1,2.3,3.35,3.15,72,x,5,4,1,10,0
4,CHE,BHA,0-0,0,1,2.08,3.75,3.35,81,2,0,1,5,6,1
5,CRY,MUN,1-0,1,1,2.9,3.9,2.25,316,x,1,2,1,4,0
6,MCI,FUL,1-0,2,0,1.39,5.25,7.25,183,1,4,2,0,6,1
7,NEW,BUR,2-1,2,1,1.46,4.65,6.75,317,1,1,1,0,2,1
8,NOT,WOL,1-0,2,0,2.45,3.65,2.8,318,1,1,1,2,4,1
9,SHU,WHU,0-0,1,2,3.4,3.6,2.12,28,2,0,2,3,5,1
10,TOT,LIV,0-0,0,2,2.1,4.1,3.05,18,2,2,2,3,7,1
1,BHA,LIV,0-1,0,3,2.08,4.0,3.15,161,2,4,1,2,7,1
2,BRE,BOU,1-4,1,6,1.8,3.7,4.6,178,2,3,2,3,8,1
3,CHE,ARS,0-0,2,0,2.19,3.85,3.05,33,1,6,1,2,9,1
4,CRY,TOT,1-1,2,2,2.8,3.7,2.4,258,x,1,2,2,5,0
5,FUL,WHU,1-0,2,3,2.9,3.65,2.35,147,2,1,4,2,7,1
6,LUT,MCI,1-0,2,2,5.0,4.25,1.63,288,x,1,2,4,7,0
7,MUN,BUR,2-0,3,2,1.41,5.0,7.0,319,1,6,0,0,6,1
8,NEW,AST,0-0,1,1,2.05,3.8,3.35,320,x,2,2,2,6,0
9,NOT,SHU,2-0,4,0,2.03,3.7,3.5,38,1,7,0,2,9,1
10,WOL,EVE,0-0,1,0,2.45,3.4,2.95,182,1,4,2,5,11,1
1,AST,BHA,0-0,0,0,2.22,3.7,3.1,21,x,2,1,1,4,0
2,BUR,TOT,2-1,2,1,3.7,3.8,1.95,162,1,3,1,3,7,1
3,CRY,MCI,0-1,1,1,3.3,3.9,2.05,169,x,0,2,2,4,0
4,EVE,BOU,1-2,2,2,1.74,3.8,4.8,4,x,4,4,0,8,0
5,LUT,FUL,0-0,2,1,2.55,3.5,2.7,283,1,2,1,1,4,1
6,MUN,LIV,0-0,2,1,1.97,4.35,3.25,179,1,3,1,2,6,1
7,NEW,BRE,0-0,0,0,1.72,3.95,4.75,102,x,3,2,0,5,0
8,NOT,WOL,1-3,1,4,2.45,3.65,2.8,318,2,1,1,2,4,1
9,SHU,CHE,0-0,0,0,4.1,3.8,1.85,192,x,1,2,2,5,0
10,WHU,ARS,3-1,4,2,2.6,3.75,2.55,19,1,3,2,2,7,1
1,AST,NOT,2-1,5,2,1.51,4.65,6.0,321,1,3,0,0,3,1
2,BOU,ARS,0-1,1,2,4.45,4.0,1.75,143,2,2,2,5,9,1
3,BRE,BHA,0-0,1,1,2.95,3.45,2.4,200,x,0,1,3,4,0
4,CRY,SHU,1-0,1,1,1.77,3.85,4.5,207,x,3,3,0,6,0
5,EVE,TOT,0-0,1,0,2.75,3.55,2.5,45,1,2,3,2,7,1
6,FUL,WHU,1-0,1,1,2.9,3.65,2.35,147,x,1,4,2,7,0
7,LIV,CHE,0-0,0,0,2.12,4.05,3.05,314,x,3,1,1,5,0
8,MCI,LUT,1-1,5,1,1.3,5.75,9.5,55,1,6,0,0,6,1
9,NEW,MUN,0-1,2,3,2.12,4.0,3.1,77,2,2,2,2,6,1
10,WOL,BUR,0-0,0,1,1.91,3.65,4.0,9,2,1,2,3,6,1
1,ARS,TOT,1-1,2,1,1.93,4.0,3.6,70,1,3,0,2,5,1
2,BOU,WHU,0-2,0,3,3.45,3.6,2.08,322,2,0,1,2,3,1
3,BRE,NOT,0-0,1,0,1.86,3.8,4.05,125,1,2,0,2,4,1
4,BUR,AST,1-1,3,1,3.65,3.7,1.99,52,1,2,3,0,5,1
5,CHE,NEW,1-1,2,1,2.07,3.85,3.3,3,1,4,0,0,4,1
6,EVE,WOL,1-0,2,1,2.04,3.5,3.65,323,1,2,1,1,4,1
7,FUL,MCI,0-0,1,0,4.0,4.1,1.81,265,1,2,1,1,4,1
8,LIV,CRY,1-0,2,0,1.63,4.5,4.7,213,1,6,2,0,8,1
9,MUN,BHA,0-0,2,1,2.04,3.95,3.3,174,1,4,3,3,10,1
10,SHU,LUT,0-0,1,1,2.13,3.5,3.45,268,x,1,2,0,3,0
1,ARS,AST,1-1,1,2,1.92,3.95,3.65,87,2,2,2,3,7,1
2,BRE,EVE,0-0,1,0,2.3,3.35,3.15,72,1,5,4,1,10,1
3,CHE,NOT,1-0,1,1,1.44,4.95,6.75,171,x,4,1,2,7,0
4,CRY,BHA,0-0,1,0,2.85,3.65,2.4,91,1,2,3,1,6,1
5,FUL,LIV,0-0,0,2,3.35,4.1,2.0,54,2,1,2,4,7,1
6,MUN,BUR,3-1,5,1,1.41,5.0,7.0,319,1,6,0,0,6,1
7,NEW,LUT,2-1,2,2,1.41,4.9,7.5,324,x,3,2,0,5,0
8,SHU,MCI,0-0,0,0,4.7,4.15,1.69,315,x,1,2,3,6,0
9,WHU,TOT,0-1,1,1,2.35,3.7,2.85,292,x,1,4,2,7,0
10,WOL,BOU,1-0,2,1,1.85,3.7,4.25,227,1,3,2,0,5,1
1,AST,BOU,0-0,3,0,1.47,4.55,6.75,229,1,3,2,0,5,1
2,BRE,ARS,2-1,4,3,3.15,3.6,2.21,170,1,2,3,2,7,1
3,BUR,CHE,1-3,1,4,4.0,3.8,1.88,64,2,0,3,5,8,1
4,CRY,NOT,0-1,3,2,1.8,4.05,4.1,303,1,2,1,1,4,1
5,FUL,NEW,0-0,0,1,3.4,3.8,2.05,221,2,0,1,4,5,1
6,LUT,BHA,1-0,1,1,4.15,3.8,1.85,128,x,3,2,1,6,0
7,MCI,LIV,0-1,2,1,1.8,4.4,3.8,6,1,3,2,0,5,1
8,MUN,EVE,0-1,0,1,1.69,4.2,4.65,130,2,4,1,1,6,1
9,TOT,WOL,1-0,2,0,1.65,4.15,4.95,96,1,3,1,0,4,1
10,WHU,SHU,1-0,5,0,1.58,4.2,5.5,104,1,4,0,1,5,1
1,BOU,BRE,0-2,0,2,2.9,3.35,2.5,63,2,1,2,5,8,1
2,CHE,EVE,1-0,3,0,1.73,3.95,4.65,136,1,5,0,2,7,1
3,CRY,BUR,0-1,1,1,1.79,3.85,4.35,13,x,4,3,2,9,0
4,FUL,BHA,0-1,0,1,3.4,3.7,2.08,260,2,3,1,3,7,1
5,MUN,ARS,1-0,2,1,2.16,4.05,3.0,262,1,4,2,1,7,1
6,NEW,MCI,0-0,3,1,2.4,3.85,2.75,263,1,3,1,1,5,1
7,NOT,LUT,0-0,1,0,1.95,3.8,3.7,185,1,3,2,3,8,1
8,SHU,LIV,0-0,1,2,3.9,4.1,1.83,196,2,3,1,4,8,1
9,TOT,AST,1-1,1,1,2.1,3.8,3.25,254,x,1,2,2,5,0
10,WOL,WHU,0-1,1,2,2.7,3.55,2.55,133,2,0,1,5,6,1
1,BOU,MUN,2-0,2,1,4.15,4.1,1.78,11,1,2,1,2,5,1
2,CHE,ARS,0-0,0,1,2.19,3.85,3.05,33,2,6,1,2,9,1
3,EVE,CRY,0-0,0,0,2.14,3.55,3.35,231,x,5,3,1,9,0
4,LUT,BUR,1-0,2,0,2.35,3.45,3.05,223,1,2,1,0,3,1
5,MCI,BHA,1-0,1,1,1.88,4.0,3.8,237,x,1,1,2,4,0
6,NOT,FUL,0-0,0,0,2.23,3.75,3.0,272,x,4,1,2,7,0
7,SHU,NEW,0-1,0,1,3.95,3.8,1.89,131,2,1,0,5,6,1
8,TOT,BRE,2-0,2,0,1.75,3.9,4.55,224,1,3,0,1,4,1
9,WHU,LIV,1-1,1,2,2.35,3.95,2.75,68,2,5,0,2,7,1
10,WOL,AST,2-2,2,2,3.0,3.6,2.3,289,x,1,2,1,4,0
1,BHA,SHU,1-0,1,0,1.47,4.55,6.75,218,1,5,0,1,6,1
2,BOU,CHE,0-0,1,1,4.2,3.85,1.82,88,x,2,2,5,9,0
3,BRE,WOL,1-0,1,0,2.12,3.45,3.5,282,1,5,2,2,9,1
4,BUR,FUL,1-0,1,1,2.4,3.55,2.9,73,x,1,4,1,6,0
5,CRY,ARS,0-0,2,0,3.1,3.8,2.18,164,1,2,2,3,7,1
6,EVE,LUT,0-0,0,0,1.71,3.85,4.95,165,x,5,3,0,8,0
7,LIV,NEW,2-1,3,2,2.07,4.1,3.15,92,1,5,0,1,6,1
8,NOT,MCI,1-2,3,4,4.3,4.3,1.72,275,2,2,0,5,7,1
9,TOT,MUN,2-1,2,3,2.17,4.0,3.0,58,2,5,0,1,6,1
10,WHU,AST,1-0,1,0,2.35,3.65,2.9,79,1,4,4,0,8,1
1,AST,BRE,1-0,3,2,1.78,3.8,4.45,325,1,2,0,1,3,1
2,BOU,CRY,0-0,4,1,2.9,3.5,2.4,106,1,2,0,0,2,1
3,CHE,TOT,0-0,0,0,2.01,3.9,3.4,120,x,2,2,3,7,0
4,EVE,FUL,2-1,5,3,1.9,3.7,4.0,326,1,3,1,1,5,1
5,LIV,BHA,0-0,2,0,2.07,4.0,3.15,232,1,4,3,1,8,1
6,LUT,ARS,1-1,2,1,4.6,4.05,1.71,156,1,2,2,1,5,1
7,MCI,BUR,1-0,2,0,1.34,5.5,8.5,101,1,4,1,1,6,1
8,MUN,WOL,2-0,3,0,1.57,4.5,5.5,26,1,6,1,1,8,1
9,NOT,SHU,1-1,2,1,2.03,3.7,3.5,38,1,7,0,2,9,1
10,WHU,NEW,0-0,0,0,2.4,3.7,2.75,39,x,1,1,2,4,0
1,BHA,NEW,3-2,3,2,2.15,3.75,3.2,253,1,2,1,2,5,1
2,CRY,TOT,1-0,1,1,2.8,3.7,2.4,258,x,1,2,2,5,0
3,EVE,MCI,0-1,0,1,3.25,3.7,2.14,34,2,3,2,3,8,1
4,FUL,ARS,1-1,1,2,3.7,3.95,1.92,235,2,2,0,3,5,1
5,LIV,NOT,0-0,1,1,1.41,5.5,6.5,222,x,4,2,0,6,0
6,LUT,BOU,1-0,1,0,2.25,3.45,3.2,302,1,2,1,2,5,1
7,MUN,AST,0-0,0,1,1.97,4.05,3.45,191,2,2,1,4,7,1
8,SHU,BUR,0-1,1,1,2.25,3.45,3.2,215,x,0,4,0,4,0
9,WHU,BRE,0-0,1,0,1.91,3.65,4.0,49,1,6,1,1,8,1
10,WOL,CHE,0-2,0,4,3.2,3.65,2.17,198,2,0,2,2,4,1
1,ARS,MCI,1-1,3,5,2.2,3.95,2.95,60,2,1,3,7,11,1
2,BOU,FUL,0-0,1,1,2.5,3.5,2.8,210,x,2,3,2,7,0
3,CHE,AST,0-0,1,1,2.01,3.85,3.5,225,x,4,2,1,7,0
4,EVE,SHU,2-2,3,2,1.77,3.75,4.7,327,1,2,0,2,4,1
5,LIV,BUR,0-0,0,0,1.41,5.25,7.0,127,x,3,1,1,5,0
6,LUT,TOT,0-2,0,3,4.05,3.85,1.85,328,2,0,1,4,5,1
7,MUN,BRE,0-1,0,1,1.65,4.2,4.9,157,2,3,0,2,5,1
8,NOT,NEW,0-2,1,2,3.6,3.95,1.94,47,2,2,1,4,7,1
9,WHU,BHA,0-1,1,1,2.45,3.6,2.8,59,x,2,2,3,7,0
10,WOL,CRY,1-0,1,0,2.3,3.55,3.0,69,1,5,2,1,8,1
1,ARS,NOT,1-0,4,0,1.39,5.25,7.25,311,1,3,1,0,4,1
2,AST,BOU,2-0,3,0,1.47,4.55,6.75,229,1,3,2,0,5,1
3,BHA,EVE,0-2,4,2,1.78,3.8,4.45,297,1,3,0,1,4,1
4,BUR,WOL,1-0,1,2,2.6,3.45,2.7,155,2,4,1,2,7,1
5,CRY,NEW,2-2,3,2,2.85,3.7,2.35,276,1,3,3,1,7,1
6,LIV,BRE,0-2,2,2,1.67,4.25,4.7,208,x,3,1,0,4,0
7,LUT,MUN,0-0,2,1,4.3,4.15,1.74,93,1,2,1,2,5,1
8,SHU,CHE,0-1,1,1,4.1,3.8,1.85,192,x,1,2,2,5,0
9,TOT,FUL,0-0,0,0,1.55,4.5,5.5,132,x,0,2,0,2,0
10,WHU,MCI,0-0,0,0,2.75,3.8,2.4,278,x,1,1,2,4,0
1,BOU,BUR,3-0,3,2,2.3,3.45,3.1,329,1,4,0,0,4,1
2,EVE,AST,1-1,1,1,2.7,3.5,2.55,220,x,3,1,3,7,0
3,FUL,CHE,0-0,0,1,3.5,3.8,2.0,245,2,3,0,2,5,1
4,LUT,ARS,0-0,1,0,4.6,4.05,1.71,156,1,2,2,1,5,1
5,MUN,BHA,2-0,3,0,2.04,3.95,3.3,174,1,4,3,3,10,1
6,NEW,LIV,1-0,3,1,2.05,4.1,3.2,330,1,3,0,2,5,1
7,NOT,BRE,1-0,3,0,2.6,3.55,2.65,56,1,4,2,1,7,1
8,SHU,MCI,1-0,1,0,4.7,4.15,1.69,315,1,1,2,3,6,1
9,TOT,WHU,0-2,1,2,1.95,3.85,3.65,142,2,2,1,2,5,1
10,WOL,CRY,0-0,1,0,2.3,3.55,3.0,69,1,5,2,1,8,1
1,BHA,TOT,0-1,1,1,2.09,3.8,3.3,295,x,0,4,0,4,0
2,BOU,ARS,0-0,1,0,4.45,4.0,1.75,143,1,2,2,5,9,1
3,CRY,BUR,0-1,0,1,1.79,3.85,4.35,13,2,4,3,2,9,1
4,EVE,BRE,1-0,3,1,2.18,3.4,3.45,259,1,3,1,1,5,1
5,FUL,AST,0-1,2,2,3.25,3.7,2.14,313,x,0,3,1,4,0
6,LIV,LUT,0-1,0,1,1.36,5.5,7.75,112,2,1,0,1,2,1
7,MUN,CHE,1-1,1,3,2.09,4.0,3.15,331,2,2,1,1,4,1
8,NEW,SHU,0-1,1,1,1.45,4.65,7.0,109,x,2,2,2,6,0
9,NOT,MCI,0-0,0,2,4.3,4.3,1.72,275,2,2,0,5,7,1
10,WHU,WOL,1-0,2,1,1.81,3.85,4.3,110,1,2,4,1,7,1
1,ARS,MCI,0-1,1,2,2.2,3.95,2.95,60,2,1,3,7,11,1
2,BUR,BRE,0-0,1,1,2.8,3.35,2.6,332,x,1,2,1,4,0
3,CHE,LUT,0-0,0,0,1.39,5.0,7.75,100,x,5,1,1,7,0
4,CRY,BHA,0-1,1,1,2.85,3.65,2.4,91,x,2,3,1,6,0
5,EVE,BOU,2-0,3,0,1.74,3.8,4.8,4,1,4,4,0,8,1
6,FUL,TOT,0-0,1,0,3.25,3.8,2.1,108,1,3,0,5,8,1
7,LIV,NEW,1-1,2,5,2.07,4.1,3.15,92,2,5,0,1,6,1
8,MUN,AST,0-2,2,2,1.97,4.05,3.45,191,x,2,1,4,7,0
9,SHU,WHU,0-2,1,4,3.4,3.6,2.12,28,2,0,2,3,5,1
10,WOL,NOT,2-0,6,0,1.93,3.8,3.75,152,1,2,2,2,6,1
1,BHA,ARS,2-0,4,0,2.3,3.75,2.95,177,1,3,0,1,4,1
2,BOU,LIV,0-1,2,2,4.05,4.15,1.8,333,x,1,1,2,4,0
3,BUR,EVE,0-0,3,0,2.9,3.4,2.5,90,1,5,0,2,7,1
4,CHE,BRE,0-0,3,0,1.69,4.0,4.9,163,1,5,1,0,6,1
5,CRY,AST,0-1,1,2,2.75,3.65,2.45,334,2,3,0,1,4,1
6,LUT,WOL,0-0,1,1,2.8,3.45,2.55,36,x,2,2,2,6,0
7,MCI,NEW,1-1,1,1,1.87,4.1,3.75,85,x,4,1,1,6,0
8,MUN,WHU,0-0,2,0,1.83,4.15,3.85,280,1,3,1,1,5,1
9,NOT,FUL,4-0,4,0,2.23,3.75,3.0,272,1,4,1,2,7,1
10,TOT,SHU,0-0,0,1,1.47,4.65,6.5,86,2,4,1,1,6,1
1,AST,ARS,0-0,0,0,2.35,3.75,2.8,335,x,1,2,1,4,0
2,BHA,LUT,1-0,3,0,1.43,4.75,7.25,105,1,7,1,0,8,1
3,BOU,NEW,0-1,1,3,4.05,3.8,1.86,51,2,1,1,5,7,1
4,BUR,TOT,0-0,1,0,3.7,3.8,1.95,162,1,3,1,3,7,1
5,CHE,EVE,1-1,3,1,1.73,3.95,4.65,136,1,5,0,2,7,1
6,CRY,MUN,0-0,0,0,2.9,3.9,2.25,316,x,1,2,1,4,0
7,FUL,WOL,0-0,2,0,2.35,3.55,3.0,15,1,3,3,1,7,1
8,LIV,NOT,1-0,2,0,1.41,5.5,6.5,222,1,4,2,0,6,1
9,MCI,SHU,2-1,5,2,1.33,5.5,8.75,298,1,4,2,0,6,1
10,WHU,BRE,2-0,2,1,1.91,3.65,4.0,49,1,6,1,1,8,1
1,ARS,MCI,1-0,1,2,2.2,3.95,2.95,60,2,1,3,7,11,1
2,BHA,AST,0-0,0,1,2.08,3.75,3.35,193,2,6,1,3,10,1
3,BOU,NOT,0-0,0,0,2.35,3.65,2.9,336,x,0,1,0,1,0
4,BRE,LUT,1-0,2,0,1.76,3.75,4.75,118,1,3,3,2,8,1
5,CHE,CRY,1-1,2,1,1.65,4.2,4.9,74,1,4,0,1,5,1
6,FUL,BUR,0-1,0,1,2.0,3.7,3.65,172,2,2,2,1,5,1
7,LIV,SHU,1-0,1,1,1.4,5.25,7.0,261,x,6,3,0,9,0
8,MUN,WHU,0-0,1,0,1.83,4.15,3.85,280,1,3,1,1,5,1
9,TOT,EVE,1-0,1,0,1.79,3.9,4.35,176,1,2,2,0,4,1
10,WOL,NEW,1-0,1,1,3.1,3.65,2.22,238,x,1,3,0,4,0
1,ARS,LIV,0-1,0,1,1.91,4.25,3.5,337,2,1,0,3,4,1
2,AST,BRE,2-0,2,0,1.78,3.8,4.45,325,1,2,0,1,3,1
3,BHA,MCI,2-1,2,2,2.4,3.8,2.75,153,x,2,2,0,4,0
4,BUR,WOL,0-0,0,0,2.6,3.45,2.7,155,x,4,1,2,7,0
5,CHE,WHU,0-0,0,1,1.87,3.9,3.9,201,2,3,0,1,4,1
6,FUL,EVE,1-2,3,3,2.6,3.5,2.7,338,x,0,2,0,2,0
7,MUN,LUT,1-0,5,2,1.36,5.5,8.0,291,1,5,0,0,5,1
8,NOT,NEW,0-2,0,3,3.6,3.95,1.94,47,2,2,1,4,7,1
9,SHU,BOU,0-0,1,1,2.18,3.45,3.35,48,x,2,4,1,7,0
10,TOT,CRY,0-0,3,0,1.71,4.15,4.5,103,1,7,0,0,7,1
1,BOU,ARS,2-0,3,3,4.45,4.0,1.75,143,x,2,2,5,9,0
2,CHE,LUT,3-0,4,1,1.39,5.0,7.75,100,1,5,1,1,7,1
3,CRY,FUL,0-1,0,2,1.9,3.85,3.85,137,2,2,1,3,6,1
4,LIV,BHA,2-1,3,2,2.07,4.0,3.15,232,1,4,3,1,8,1
5,MCI,BRE,1-1,3,2,1.55,4.4,5.75,309,1,4,0,2,6,1
6,MUN,AST,0-2,0,5,1.97,4.05,3.45,191,2,2,1,4,7,1
7,NEW,BUR,1-0,1,1,1.46,4.65,6.75,317,x,1,1,0,2,0
8,NOT,SHU,1-0,1,0,2.03,3.7,3.5,38,1,7,0,2,9,1
9,WHU,TOT,1-1,2,2,2.35,3.7,2.85,292,x,1,4,2,7,0
10,WOL,EVE,0-0,0,1,2.45,3.4,2.95,182,2,4,2,5,11,1
1,ARS,NOT,1-2,5,3,4.45,4.0,1.75,311,1,3,1,0,4,1
2,BOU,BHA,1-1,1,2,1.39,5.0,7.75,71,2,1,0,4,5,1
3,BRE,LIV,0-0,3,0,1.9,3.85,3.85,244,1,2,0,3,5,1
4,BUR,EVE,0-0,0,1,2.07,4.0,3.15,90,2,5,0,2,7,1
5,CHE,AST,0-2,1,2,1.55,4.4,5.75,225,2,4,2,1,7,1
6,MUN,MCI,0-0,1,1,1.97,4.05,3.45,46,x,1,2,2,5,0
7,NEW,SHU,0-1,1,2,1.46,4.65,6.75,109,2,2,2,2,6,1
8,TOT,LUT,2-0,3,0,2.03,3.7,3.5,67,1,2,0,0,2,1
9,WHU,FUL,1-0,1,0,2.35,3.7,2.85,339,1,3,1,0,4,1
10,WOL,CRY,0-1,1,1,2.45,3.4,2.95,69,x,5,2,1,8,0
1,AST,TOT,0-0,1,0,2.15,3.8,3.15,270,1,3,2,3,8,1
2,BOU,BRE,0-0,0,1,2.9,3.35,2.5,63,2,1,2,5,8,1
3,BUR,CRY,1-0,1,1,2.75,3.55,2.5,188,x,0,1,1,2,0
4,EVE,NEW,0-1,2,1,2.8,3.55,2.45,194,1,3,0,2,5,1
5,FUL,LUT,3-1,4,2,1.9,3.75,3.95,340,1,4,1,1,6,1
6,MCI,CHE,1-0,1,1,1.91,4.05,3.65,150,x,1,2,2,5,0
7,MUN,LIV,4-1,4,1,1.97,4.35,3.25,179,1,3,1,2,6,1
8,NOT,BHA,0-2,2,2,3.6,3.85,1.97,252,x,1,2,1,4,0
9,SHU,ARS,1-0,2,0,4.35,3.95,1.78,186,1,2,1,0,3,1
10,WHU,WOL,2-1,2,4,1.81,3.85,4.3,110,2,2,4,1,7,1
1,ARS,NEW,2-1,4,3,1.98,3.95,3.5,228,1,3,0,2,5,1
2,AST,FUL,0-1,2,2,1.58,4.35,5.5,61,x,2,2,1,5,0
3,BHA,SHU,2-1,3,2,1.47,4.55,6.75,218,1,5,0,1,6,1
4,BOU,MUN,2-0,5,1,4.15,4.1,1.78,11,1,2,1,2,5,1
5,EVE,CRY,0-0,0,1,2.14,3.55,3.35,231,2,5,3,1,9,1
6,LIV,CHE,1-0,3,1,2.12,4.05,3.05,314,1,3,1,1,5,1
7,MCI,TOT,0-0,1,0,1.82,4.15,3.9,341,1,1,2,0,3,1
8,NOT,BRE,1-0,2,1,2.6,3.55,2.65,56,1,4,2,1,7,1
9,WHU,BUR,0-0,1,1,1.6,4.2,5.5,226,x,3,3,0,6,0
10,WOL,LUT,1-2,3,2,1.82,3.75,4.35,342,1,1,0,0,1,1
1,BHA,ARS,0-0,2,0,2.3,3.75,2.95,177,1,3,0,1,4,1
2,BOU,CHE,0-1,0,2,4.2,3.85,1.82,88,2,2,2,5,9,1
3,BUR,LUT,0-1,0,2,2.08,3.55,3.55,256,2,4,0,3,7,1
4,CRY,NEW,0-2,3,3,2.85,3.7,2.35,276,x,3,3,1,7,0
5,EVE,WHU,0-1,2,2,2.5,3.5,2.8,287,x,2,2,0,4,0
6,MCI,FUL,0-0,1,1,1.39,5.25,7.25,183,x,4,2,0,6,0
7,NOT,MUN,0-2,2,4,3.7,4.2,1.86,343,2,3,1,3,7,1
8,SHU,BRE,1-1,2,1,2.85,3.35,2.55,284,1,2,2,2,6,1
9,TOT,LIV,0-0,1,1,2.1,4.1,3.05,18,x,2,2,3,7,0
10,WOL,AST,0-0,0,0,3.0,3.6,2.3,289,x,1,2,1,4,0
1,AST,BUR,1-0,1,0,1.51,4.45,6.25,199,1,2,0,0,2,1
2,BOU,TOT,0-2,0,3,3.9,3.8,1.89,32,2,3,1,3,7,1
3,BRE,ARS,1-1,1,1,3.15,3.6,2.21,170,x,2,3,2,7,0
4,CHE,NOT,2-0,4,1,1.44,4.95,6.75,171,1,4,1,2,7,1
5,CRY,WHU,3-0,5,0,2.5,3.6,2.7,219,1,4,1,1,6,1
6,EVE,LUT,0-0,0,0,1.71,3.85,4.95,165,x,5,3,0,8,0
7,FUL,LIV,0-1,1,2,3.35,4.1,2.0,54,2,1,2,4,7,1
8,MCI,WOL,0-0,0,0,1.48,4.7,6.25,76,x,4,4,1,9,0
9,NEW,BHA,0-1,0,5,2.13,3.75,3.25,344,2,1,0,2,3,1
10,SHU,MUN,1-0,2,1,4.05,4.05,1.81,66,1,1,0,1,2,1
1,BOU,FUL,0-0,0,0,2.5,3.5,2.8,210,x,2,3,2,7,0
2,BRE,BHA,0-0,0,1,2.95,3.45,2.4,200,2,0,1,3,4,1
3,BUR,MCI,1-0,1,2,4.55,4.15,1.71,271,2,0,0,4,4,1
4,EVE,AST,1-1,1,2,2.7,3.5,2.55,220,2,3,1,3,7,1
5,LUT,CRY,0-0,0,0,2.95,3.55,2.35,149,x,2,3,1,6,0
6,MUN,ARS,1-0,2,2,2.16,4.05,3.0,262,x,4,2,1,7,0
7,NEW,WHU,0-1,0,1,1.91,3.9,3.75,168,2,2,2,2,6,1
8,SHU,CHE,2-0,4,1,4.1,3.8,1.85,192,1,1,2,2,5,1
9,TOT,NOT,0-1,1,1,1.48,4.8,6.0,29,x,2,4,1,7,0
10,WOL,LIV,0-0,0,1,3.05,3.9,2.17,345,2,2,0,2,4,1
1,ARS,CHE,0-1,1,2,2.03,3.9,3.35,124,2,4,1,1,6,1
2,AST,WOL,0-0,0,0,,1.69,4.05,160,x,2,1,1,4,0
3,BHA,NEW,0-2,0,3,2.15,3.75,3.2,253,2,2,1,2,5,1
4,BUR,MUN,1-1,1,3,3.85,3.8,1.92,273,2,1,2,3,6,1
5,FUL,CRY,0-0,5,0,1.97,3.65,3.75,346,1,2,0,1,3,1
6,LIV,NOT,2-2,4,3,1.41,5.5,6.5,222,1,4,2,0,6,1
7,LUT,BOU,0-0,0,1,2.25,3.45,3.2,302,2,2,1,2,5,1
8,MCI,BRE,3-0,4,2,1.55,4.4,5.75,309,1,4,0,2,6,1
9,SHU,TOT,1-2,1,3,3.8,3.8,1.93,181,2,2,0,3,5,1
10,WHU,EVE,2-1,3,1,1.96,3.65,3.8,347,1,4,0,1,5,1
1,ARS,BRE,4-1,6,1,1.63,4.15,5.25,301,1,2,1,0,3,1
2,BUR,AST,1-1,2,2,3.65,3.7,1.99,52,x,2,3,0,5,0
3,CHE,BHA,0-0,1,1,2.08,3.75,3.35,81,x,0,1,5,6,0
4,CRY,NEW,0-1,2,2,2.85,3.7,2.35,276,x,3,3,1,7,0
5,FUL,BOU,1-1,3,1,1.94,3.7,3.85,250,1,2,2,2,6,1
6,LIV,MUN,0-1,0,3,2.07,4.3,3.05,148,2,0,2,3,5,1
7,NOT,LUT,1-2,2,2,1.95,3.8,3.7,185,x,3,2,3,8,0
8,TOT,EVE,0-1,1,1,1.79,3.9,4.35,176,x,2,2,0,4,0
9,WHU,MCI,0-1,2,1,2.75,3.8,2.4,278,1,1,1,2,4,1
10,WOL,SHU,1-0,2,1,1.89,3.65,4.1,348,1,1,2,1,4,1
1,ARS,AST,0-0,1,0,1.92,3.95,3.65,87,1,2,2,3,7,1
2,BRE,WHU,0-0,1,0,2.6,3.45,2.7,89,1,3,0,4,7,1
3,BUR,FUL,0-0,0,0,2.4,3.55,2.9,73,x,1,4,1,6,0
4,CHE,TOT,2-1,2,1,2.01,3.9,3.4,120,1,2,2,3,7,1
5,EVE,LUT,0-1,1,1,1.71,3.85,4.95,165,x,5,3,0,8,0
6,LIV,BOU,0-2,1,3,1.38,5.25,7.5,279,2,5,0,2,7,1
7,MCI,SHU,2-0,4,2,1.33,5.5,8.75,298,1,4,2,0,6,1
8,MUN,BHA,0-2,0,4,2.04,3.95,3.3,174,2,4,3,3,10,1
9,NEW,WOL,1-1,2,1,1.63,4.15,5.25,140,1,5,1,2,8,1
10,NOT,CRY,0-1,1,1,2.55,3.75,2.6,123,x,0,2,2,4,0
1,AST,EVE,3-0,4,1,1.82,3.8,4.25,98,1,4,1,1,6,1
2,BRE,BOU,0-0,0,0,1.8,3.7,4.6,178,x,3,2,3,8,0
3,BUR,ARS,0-0,0,1,4.2,3.95,1.8,349,2,2,1,1,4,1
4,CHE,SHU,1-0,2,0,1.43,4.75,7.25,350,1,4,0,1,5,1
5,FUL,NEW,0-3,3,6,3.4,3.8,2.05,221,2,0,1,4,5,1
6,LIV,BHA,0-0,4,1,2.07,4.0,3.15,232,1,4,3,1,8,1
7,LUT,TOT,1-0,1,1,4.05,3.85,1.85,328,x,0,1,4,5,0
8,MCI,WHU,2-1,2,2,1.7,4.25,4.5,190,x,1,2,1,4,0
9,NOT,MUN,1-1,2,3,3.7,4.2,1.86,343,2,3,1,3,7,1
10,WOL,CRY,0-1,1,1,2.3,3.55,3.0,69,x,5,2,1,8,0
1,ARS,AST,0-3,2,3,1.92,3.95,3.65,87,2,2,2,3,7,1
2,BHA,TOT,1-1,3,3,2.09,3.8,3.3,295,x,0,4,0,4,0
3,BOU,BUR,1-0,2,0,2.3,3.45,3.1,329,1,4,0,0,4,1
4,BRE,MUN,0-1,0,1,2.95,3.7,2.3,351,2,1,1,3,5,1
5,EVE,FUL,2-0,5,1,1.9,3.7,4.0,326,1,3,1,1,5,1
6,LIV,CRY,0-1,1,1,1.63,4.5,4.7,213,x,6,2,0,8,0
7,LUT,CHE,0-2,0,4,4.35,3.9,1.78,304,2,1,0,2,3,1
8,MCI,WOL,2-0,3,0,1.48,4.7,6.25,76,1,4,4,1,9,1
9,SHU,NEW,0-0,2,3,3.95,3.8,1.89,131,2,1,0,5,6,1
10,WHU,NOT,0-0,2,1,1.6,4.35,5.25,233,1,2,1,0,3,1
1,ARS,FUL,1-0,3,1,1.45,4.85,6.5,0,1,5,0,1,6,1
2,BOU,AST,0-2,0,2,3.85,3.75,1.93,264,2,2,0,1,3,1
3,BRE,WHU,0-2,0,3,2.6,3.45,2.7,89,2,3,0,4,7,1
4,CHE,BHA,0-0,1,2,2.08,3.75,3.35,81,2,0,1,5,6,1
5,MUN,BUR,0-0,1,0,1.41,5.0,7.0,319,1,6,0,0,6,1
6,NEW,LUT,0-1,2,1,1.41,4.9,7.5,324,1,3,2,0,5,1
7,NOT,MCI,0-1,0,2,4.3,4.3,1.72,275,2,2,0,5,7,1
8,SHU,EVE,0-0,3,0,2.95,3.4,2.45,57,1,2,1,2,5,1
9,TOT,CRY,1-0,1,0,1.71,4.15,4.5,103,1,7,0,0,7,1
10,WOL,LIV,1-0,2,0,3.05,3.9,2.17,345,1,2,0,2,4,1
1,ARS,SHU,0-0,0,0,1.39,5.0,7.75,293,x,1,2,0,3,0
2,BRE,NOT,1-0,4,3,1.86,3.8,4.05,125,1,2,0,2,4,1
3,BUR,WHU,3-2,4,2,3.3,3.6,2.16,111,1,3,1,3,7,1
4,CRY,CHE,0-0,2,1,2.95,3.7,2.3,234,1,2,0,2,4,1
5,EVE,LUT,1-0,2,0,1.71,3.85,4.95,165,1,5,3,0,8,1
6,FUL,BOU,0-0,2,1,1.94,3.7,3.85,250,1,2,2,2,6,1
7,MCI,LIV,1-0,1,0,1.8,4.4,3.8,6,1,3,2,0,5,1
8,MUN,AST,0-2,1,4,1.97,4.05,3.45,191,2,2,1,4,7,1
9,NEW,BHA,1-3,2,5,2.13,3.75,3.25,344,2,1,0,2,3,1
10,WOL,TOT,1-0,3,1,3.0,3.65,2.3,216,1,2,1,4,7,1
1,ARS,LUT,1-2,4,2,1.35,5.25,8.5,20,1,6,1,0,7,1
2,AST,WHU,0-0,0,0,1.99,3.8,3.6,115,x,2,2,0,4,0
3,BUR,NOT,0-1,0,2,2.24,3.65,3.05,205,2,0,1,2,3,1
4,CHE,WOL,2-0,4,1,1.6,4.25,5.5,53,1,3,4,0,7,1
5,CRY,NEW,0-0,1,1,2.85,3.7,2.35,276,x,3,3,1,7,0
6,EVE,BHA,2-0,2,0,2.8,3.45,2.5,146,1,3,0,0,3,1
7,FUL,MUN,0-0,0,0,3.45,4.0,1.97,195,x,0,2,3,5,0
8,MCI,BRE,0-2,1,2,1.55,4.4,5.75,309,2,4,0,2,6,1
9,SHU,BOU,1-0,1,0,2.18,3.45,3.35,48,1,2,4,1,7,1
10,TOT,LIV,2-0,2,0,2.1,4.1,3.05,18,1,2,2,3,7,1
1,ARS,BHA,2-0,2,1,1.99,3.85,3.5,134,1,2,1,1,4,1
2,BRE,BUR,1-0,1,3,1.85,3.65,4.35,23,2,3,1,3,7,1
3,CHE,LIV,1-0,2,2,2.0,4.15,3.3,24,x,2,1,1,4,0
4,EVE,CRY,2-0,3,1,2.14,3.55,3.35,231,1,5,3,1,9,1
5,LUT,BOU,1-0,1,1,2.25,3.45,3.2,302,x,2,1,2,5,0
6,MUN,SHU,0-1,1,2,1.4,5.25,7.25,167,2,5,0,1,6,1
7,NEW,WOL,0-0,0,1,1.63,4.15,5.25,140,2,5,1,2,8,1
8,NOT,AST,1-1,2,2,3.95,4.1,1.82,352,x,0,2,1,3,0
9,TOT,MCI,0-1,2,2,2.45,3.9,2.65,281,x,2,1,2,5,0
10,WHU,FUL,2-0,2,2,2.35,3.7,2.85,339,x,3,1,0,4,0
1,ARS,CRY,0-0,0,0,1.59,4.4,5.25,50,x,3,3,0,6,0
2,BHA,BOU,0-0,0,0,1.45,4.6,7.0,99,x,2,2,0,4,0
3,BRE,AST,1-2,2,2,2.8,3.5,2.5,144,x,2,2,2,6,0
4,CHE,TOT,0-0,0,1,2.01,3.9,3.4,120,2,2,2,3,7,1
5,MCI,BUR,1-0,3,0,1.34,5.5,8.5,101,1,4,1,1,6,1
6,MUN,LUT,1-1,2,1,1.36,5.5,8.0,291,1,5,0,0,5,1
7,NEW,LIV,0-2,0,5,2.05,4.1,3.2,330,2,3,0,2,5,1
8,NOT,FUL,2-1,5,2,2.23,3.75,3.0,272,1,4,1,2,7,1
9,SHU,WHU,0-0,1,1,3.4,3.6,2.12,28,x,0,2,3,5,0
10,WOL,EVE,0-1,0,2,2.45,3.4,2.95,182,2,4,2,5,11,1
1,BUR,AST,1-1,1,1,3.65,3.7,1.99,52,x,2,3,0,5,0
2,CRY,BOU,0-1,4,2,1.74,3.9,4.65,126,1,3,3,1,7,1
3,EVE,LIV,0-0,0,2,2.75,3.8,2.4,308,2,2,1,1,4,1
4,FUL,BRE,0-0,1,1,2.5,3.45,2.8,35,x,2,3,1,6,0
5,LUT,WHU,0-1,2,3,3.55,3.65,2.04,5,2,1,1,5,7,1
6,MCI,CHE,1-0,2,0,1.91,4.05,3.65,150,1,1,2,2,5,1
7,MUN,BHA,2-0,3,1,2.04,3.95,3.3,174,1,4,3,3,10,1
8,NOT,SHU,0-0,2,1,2.03,3.7,3.5,38,1,7,0,2,9,1
9,TOT,NEW,1-1,1,1,2.17,3.8,3.1,151,x,4,2,0,6,0
10,WOL,ARS,1-0,1,1,3.35,3.75,2.07,305,x,2,1,2,5,0
1,ARS,LIV,0-3,1,3,1.91,4.25,3.5,337,2,1,0,3,4,1
2,AST,MCI,1-0,2,0,2.5,3.8,2.6,10,1,3,2,2,7,1
3,BUR,FUL,2-0,6,1,2.4,3.55,2.9,73,1,1,4,1,6,1
4,CRY,MUN,1-0,2,1,2.9,3.9,2.25,316,1,1,2,1,4,1
5,EVE,TOT,0-0,0,1,2.75,3.55,2.5,45,2,2,3,2,7,1
6,LUT,NOT,1-0,2,0,2.4,3.65,2.85,16,1,4,1,1,6,1
7,NEW,CHE,2-0,3,2,2.18,3.8,3.1,353,1,1,2,1,4,1
8,SHU,BRE,0-3,2,4,2.85,3.35,2.55,284,2,2,2,2,6,1
9,WHU,BHA,0-0,3,0,2.45,3.6,2.8,59,1,2,2,3,7,1
10,WOL,BOU,0-0,2,0,1.85,3.7,4.25,227,1,3,2,0,5,1
1,BHA,NOT,0-0,2,1,1.48,4.7,6.25,62,1,4,3,1,8,1
2,BRE,LUT,0-1,0,2,1.76,3.75,4.75,118,2,3,3,2,8,1
3,BUR,SHU,0-0,1,0,2.17,3.5,3.35,145,1,2,2,1,5,1
4,CHE,EVE,0-0,5,0,1.73,3.95,4.65,136,1,5,0,2,7,1
5,FUL,AST,2-1,2,2,3.25,3.7,2.14,313,x,0,3,1,4,0
6,LIV,BOU,0-1,1,2,1.38,5.25,7.5,279,2,5,0,2,7,1
7,MCI,NEW,0-1,7,2,1.87,4.1,3.75,85,1,4,1,1,6,1
8,MUN,WOL,0-0,2,1,1.57,4.5,5.5,26,1,6,1,1,8,1
9,TOT,ARS,3-0,4,2,2.3,3.85,2.85,209,1,2,0,2,4,1
10,WHU,CRY,0-1,1,3,1.88,3.85,3.95,159,2,3,2,1,6,1
1,BHA,BRE,1-0,2,0,1.75,3.85,4.7,354,1,2,0,1,3,1
2,BOU,TOT,1-2,2,4,3.9,3.8,1.89,32,2,3,1,3,7,1
3,BUR,LUT,0-3,0,3,2.08,3.55,3.55,256,2,4,0,3,7,1
4,CHE,ARS,1-0,1,2,2.19,3.85,3.05,33,2,6,1,2,9,1
5,CRY,NOT,1-0,2,1,1.8,4.05,4.1,303,1,2,1,1,4,1
6,EVE,NEW,0-2,0,3,2.8,3.55,2.45,194,2,3,0,2,5,1
7,FUL,MCI,1-0,4,1,4.0,4.1,1.81,265,1,2,1,1,4,1
8,LIV,MUN,0-1,0,1,2.07,4.3,3.05,148,2,0,2,3,5,1
9,SHU,AST,0-1,3,2,3.75,3.7,1.96,158,1,3,0,3,6,1
10,WHU,WOL,0-0,1,1,1.81,3.85,4.3,110,x,2,4,1,7,0
1,AST,LUT,0-0,0,0,1.45,4.65,7.0,204,x,3,2,1,6,0
2,BHA,BUR,0-0,2,0,1.48,4.5,6.5,31,1,4,0,0,4,1
3,BOU,CHE,1-0,2,0,4.2,3.85,1.82,88,1,2,2,5,9,1
4,BRE,CRY,0-0,1,1,2.21,3.5,3.25,285,x,2,1,3,6,0
5,FUL,SHU,0-0,0,1,1.97,3.65,3.75,296,2,1,0,2,3,1
6,MCI,EVE,0-1,2,1,1.58,4.35,5.5,246,1,2,1,0,3,1
7,MUN,TOT,0-0,0,3,1.98,4.1,3.35,114,2,3,1,1,5,1
8,NEW,ARS,0-1,2,2,2.25,3.8,2.95,266,x,3,1,3,7,0
9,WHU,LIV,1-0,2,0,2.35,3.95,2.75,68,1,5,0,2,7,1
10,WOL,NOT,0-1,0,2,1.93,3.8,3.75,152,2,2,2,2,6,1
1,ARS,EVE,2-0,5,0,1.66,4.1,4.95,248,1,3,0,1,4,1
2,BHA,AST,1-0,2,0,2.08,3.75,3.35,193,1,6,1,3,10,1
3,BOU,NEW,0-0,1,0,4.05,3.8,1.86,51,1,1,1,5,7,1
4,BRE,WOL,1-1,2,2,2.12,3.45,3.5,282,x,5,2,2,9,0
5,CHE,MUN,1-0,2,0,2.06,4.0,3.2,286,1,1,1,1,3,1
6,CRY,BUR,0-0,0,0,1.79,3.85,4.35,13,x,4,3,2,9,0
7,LUT,FUL,1-3,1,5,2.55,3.5,2.7,283,2,2,1,1,4,1
8,NOT,LIV,2-1,2,3,3.55,4.25,1.88,78,2,1,4,2,7,1
9,SHU,MCI,1-0,1,2,4.7,4.15,1.69,315,2,1,2,3,6,1
10,WHU,TOT,1-1,3,1,2.35,3.7,2.85,292,1,1,4,2,7,1
1,AST,CRY,2-0,2,0,1.75,4.05,4.45,1,1,3,0,1,4,1
2,BOU,EVE,0-0,0,1,3.0,3.4,2.4,154,2,0,2,2,4,1
3,FUL,BHA,0-1,1,1,3.4,3.7,2.08,260,x,3,1,3,7,0
4,LIV,BRE,2-0,3,0,1.67,4.25,4.7,208,1,3,1,0,4,1
5,LUT,SHU,1-0,1,1,2.3,3.45,3.1,75,x,1,2,1,4,0
6,MCI,ARS,1-0,1,0,1.97,4.05,3.45,113,1,1,1,0,2,1
7,MUN,NEW,0-3,1,3,2.04,4.05,3.25,251,2,0,2,2,4,1
8,TOT,NOT,1-0,4,1,1.48,4.8,6.0,29,1,2,4,1,7,1
9,WHU,CHE,0-0,3,0,2.5,3.65,2.7,355,1,1,2,1,4,1
10,WOL,BUR,0-0,0,2,1.91,3.65,4.0,9,2,1,2,3,6,1
1,AST,LIV,2-1,2,2,2.14,4.05,3.05,30,x,2,1,2,5,0
2,BHA,LUT,3-0,4,0,1.43,4.75,7.25,105,1,7,1,0,8,1
3,BOU,MCI,1-1,2,2,4.85,4.2,1.66,22,x,1,2,3,6,0
4,CHE,BRE,1-0,3,2,1.69,4.0,4.9,163,1,5,1,0,6,1
5,CRY,SHU,3-0,3,0,1.77,3.85,4.5,207,1,3,3,0,6,1
6,FUL,WOL,2-1,3,1,2.35,3.55,3.0,15,1,3,3,1,7,1
7,MUN,ARS,2-0,2,0,2.16,4.05,3.0,262,1,4,2,1,7,1
8,NOT,NEW,0-0,0,1,3.6,3.95,1.94,47,2,2,1,4,7,1
9,TOT,BUR,0-2,0,2,1.48,4.6,6.5,197,2,1,2,3,6,1
10,WHU,EVE,0-1,0,1,1.96,3.65,3.8,347,2,4,0,1,5,1
2,BHA,MCI,0-0,2,1,2.4,3.8,2.75,153,1,2,2,0,4,1
3,BOU,MUN,0-0,1,2,4.15,4.1,1.78,11,2,2,1,2,5,1
4,BRE,NEW,1-0,2,0,2.95,3.5,2.4,12,1,2,1,2,5,1
5,BUR,CHE,0-2,1,2,4.0,3.8,1.88,64,2,0,3,5,8,1
6,FUL,LIV,0-1,2,2,3.35,4.1,2.0,54,x,1,2,4,7,0
7,LUT,CRY,3-1,6,1,2.95,3.55,2.35,149,1,2,3,1,6,1
8,NOT,EVE,0-1,0,2,2.7,3.6,2.55,242,2,0,2,2,4,1
9,SHU,WOL,2-0,3,1,2.65,3.4,2.65,277,1,2,1,1,4,1
10,TOT,AST,0-0,0,1,2.1,3.8,3.25,254,2,1,2,2,5,1
1,AST,CHE,0-0,0,2,2.3,3.75,2.95,41,2,0,3,3,6,1
2,BHA,CRY,0-0,2,0,1.71,4.05,4.65,356,1,4,2,1,7,1
3,BRE,EVE,1-1,1,1,2.3,3.35,3.15,72,x,5,4,1,10,0
4,BUR,NEW,1-2,1,3,3.85,3.8,1.92,119,2,2,2,4,8,1
5,FUL,TOT,1-1,1,5,3.25,3.8,2.1,108,2,3,0,5,8,1
6,LUT,WOL,1-0,1,0,2.8,3.45,2.55,36,1,2,2,2,6,1
7,MCI,MUN,0-1,2,2,1.86,4.3,3.65,139,x,5,3,0,8,0
8,NOT,ARS,1-0,2,0,3.95,4.1,1.82,357,1,3,0,1,4,1
9,SHU,LIV,0-1,2,1,3.9,4.1,1.83,196,1,3,1,4,8,1
1,AST,CHE,0-0,0,2,1.4,5.0,7.5,41,2,0,3,3,6,1
2,BHA,CRY,0-0,2,0,2.08,3.75,3.35,356,1,4,2,1,7,1
3,BRE,EVE,1-1,1,1,3.3,3.9,2.05,72,x,5,4,1,10,0
4,BUR,NEW,1-2,1,3,3.5,3.8,2.0,119,2,2,2,4,8,1
5,FUL,TOT,1-1,1,5,2.07,4.1,3.15,108,2,3,0,5,8,1
6,LUT,WOL,1-0,1,0,1.69,4.2,4.65,36,1,2,2,2,6,1
7,MCI,MUN,0-1,2,2,2.6,3.55,2.65,139,x,5,3,0,8,0
8,NOT,ARS,1-0,2,0,3.4,3.6,2.12,357,1,3,0,1,4,1
9,SHU,LIV,0-1,2,1,1.43,4.85,7.25,196,1,3,1,4,8,1
10,WHU,BOU,1-0,1,0,1.85,3.7,4.25,358,1,2,1,0,3,1
1,BOU,FUL,1-0,1,2,2.5,3.5,2.8,210,2,2,3,2,7,1
2,BRE,CRY,1-0,2,0,2.21,3.5,3.25,285,1,2,1,3,6,1
3,BUR,EVE,1-0,1,2,2.9,3.4,2.5,90,2,5,0,2,7,1
4,CHE,AST,2-0,4,1,2.01,3.85,3.5,225,1,4,2,1,7,1
5,LUT,MCI,0-1,0,2,5.0,4.25,1.63,288,2,1,2,4,7,1
6,MUN,NOT,3-0,4,0,1.41,5.25,6.75,7,1,7,0,0,7,1
7,SHU,LIV,1-0,1,0,3.9,4.1,1.83,196,1,3,1,4,8,1
8,TOT,BHA,0-0,0,1,2.18,3.75,3.15,8,2,4,1,2,7,1
9,WHU,NEW,0-0,1,3,2.4,3.7,2.75,39,2,1,1,2,4,1
10,WOL,ARS,0-2,0,2,3.35,3.75,2.07,305,2,2,1,2,5,1
1,ARS,CRY,1-1,2,1,1.59,4.4,5.25,50,1,3,3,0,6,1
2,BHA,AST,0-1,0,1,2.08,3.75,3.35,193,2,6,1,3,10,1
3,EVE,WOL,2-1,3,1,2.04,3.5,3.65,323,1,2,1,1,4,1
4,FUL,BRE,0-0,0,0,2.5,3.45,2.8,35,x,2,3,1,6,0
5,LUT,CHE,0-1,0,2,4.35,3.9,1.78,304,2,1,0,2,3,1
6,MCI,BUR,2-2,2,4,1.34,5.5,8.5,101,2,4,1,1,6,1
7,NEW,BOU,2-0,4,0,1.43,4.75,7.25,247,1,4,0,1,5,1
8,SHU,NOT,0-0,3,0,2.3,3.65,3.0,141,1,1,2,2,5,1
9,TOT,LIV,1-1,1,1,2.1,4.1,3.05,18,x,2,2,3,7,0
10,WHU,MUN,0-0,1,0,2.45,3.85,2.65,359,1,1,0,0,1,1
1,ARS,FUL,3-0,3,0,1.45,4.85,6.5,0,1,5,0,1,6,1
2,BHA,LUT,0-0,2,1,1.43,4.75,7.25,105,1,7,1,0,8,1
3,BRE,BOU,0-1,0,3,1.8,3.7,4.6,178,2,3,2,3,8,1
4,BUR,CHE,0-1,1,3,4.0,3.8,1.88,64,2,0,3,5,8,1
5,EVE,CRY,1-0,3,1,2.14,3.55,3.35,231,1,5,3,1,9,1
6,LIV,AST,1-0,2,0,2.0,4.1,3.3,138,1,1,1,2,4,1
7,MCI,WOL,2-0,5,3,1.48,4.7,6.25,76,1,4,4,1,9,1
8,MUN,NEW,1-0,1,1,2.04,4.05,3.25,251,x,0,2,2,4,0
9,TOT,NOT,1-0,1,1,1.48,4.8,6.0,29,x,2,4,1,7,0
10,WHU,SHU,1-2,2,3,1.58,4.2,5.5,104,2,4,0,1,5,1
1,AST,NOT,0-0,1,0,1.51,4.65,6.0,321,1,3,0,0,3,1
2,BHA,BUR,0-0,3,0,1.48,4.5,6.5,31,1,4,0,0,4,1
3,BOU,ARS,0-1,1,1,4.45,4.0,1.75,143,x,2,2,5,9,0
4,CHE,WOL,0-1,1,1,1.6,4.25,5.5,53,x,3,4,0,7,0
5,CRY,MCI,0-1,0,3,3.3,3.9,2.05,169,2,0,2,2,4,1
6,EVE,FUL,3-1,4,1,1.9,3.7,4.0,326,1,3,1,1,5,1
7,LUT,LIV,0-2,2,3,4.15,4.2,1.76,236,2,2,0,2,4,1
8,MUN,SHU,0-0,2,0,1.4,5.25,7.25,167,1,5,0,1,6,1
9,NEW,BRE,2-1,3,1,1.72,3.95,4.75,102,1,3,2,0,5,1
10,TOT,WHU,3-1,4,1,1.95,3.85,3.65,142,1,2,1,2,5,1
1,BRE,ARS,1-1,2,2,3.15,3.6,2.21,170,x,2,3,2,7,0
2,CHE,CRY,1-0,4,0,1.65,4.2,4.9,74,1,4,0,1,5,1
3,EVE,BOU,1-1,1,1,1.74,3.8,4.8,4,x,4,4,0,8,0
4,LIV,BUR,1-1,2,1,1.41,5.25,7.0,127,1,3,1,1,5,1
5,MCI,FUL,0-0,2,0,1.39,5.25,7.25,183,1,4,2,0,6,1
6,NEW,SHU,0-0,1,2,1.45,4.65,7.0,109,2,2,2,2,6,1
7,NOT,LUT,0-2,0,2,1.95,3.8,3.7,185,2,3,2,3,8,1
8,TOT,MUN,3-2,5,4,2.17,4.0,3.0,58,1,5,0,1,6,1
9,WHU,AST,0-0,0,0,2.35,3.65,2.9,79,x,4,4,0,8,0
10,WOL,BHA,0-1,0,2,3.1,3.55,2.25,360,2,1,0,2,3,1
1,AST,MUN,0-1,1,2,2.21,3.95,2.95,361,2,1,2,2,5,1
2,BHA,CRY,0-2,1,2,1.71,4.05,4.65,356,2,4,2,1,7,1
3,BRE,EVE,1-0,1,0,2.3,3.35,3.15,72,1,5,4,1,10,1
4,BUR,NOT,0-2,0,4,2.24,3.65,3.05,205,2,0,1,2,3,1
5,FUL,CHE,0-2,0,3,3.5,3.8,2.0,245,2,3,0,2,5,1
6,LIV,WOL,1-0,2,0,1.58,4.55,5.25,362,1,4,1,0,5,1
7,LUT,WHU,1-3,1,3,3.55,3.65,2.04,5,2,1,1,5,7,1
8,MCI,BOU,1-2,3,4,1.32,5.5,9.25,363,2,3,0,1,4,1
9,NEW,ARS,2-0,3,0,2.25,3.8,2.95,266,1,3,1,3,7,1
10,SHU,TOT,0-1,0,2,3.8,3.8,1.93,181,2,2,0,3,5,1
1,ARS,EVE,2-0,4,0,1.66,4.1,4.95,248,1,3,0,1,4,1
2,BHA,FUL,1-0,3,0,1.55,4.4,5.75,42,1,2,1,1,4,1
3,BUR,WHU,0-0,1,1,3.3,3.6,2.16,111,x,3,1,3,7,0
4,CHE,BOU,4-0,6,0,1.41,4.85,7.5,274,1,3,1,0,4,1
5,LIV,CRY,3-0,4,2,1.63,4.5,4.7,213,1,6,2,0,8,1
6,LUT,MUN,0-1,2,1,4.3,4.15,1.74,93,1,2,1,2,5,1
7,MCI,BRE,1-0,1,0,1.55,4.4,5.75,309,1,4,0,2,6,1
8,SHU,AST,0-1,0,1,3.75,3.7,1.96,158,2,3,0,3,6,1
9,TOT,NEW,2-0,2,0,2.17,3.8,3.1,151,1,4,2,0,6,1
10,WOL,NOT,1-1,2,2,1.93,3.8,3.75,152,x,2,2,2,6,0
1,ARS,WOL,2-0,2,2,1.55,4.45,5.75,40,x,2,2,0,4,0
2,BUR,NEW,0-0,1,0,3.85,3.8,1.92,119,1,2,2,4,8,1
3,EVE,MCI,0-0,1,0,3.25,3.7,2.14,34,1,3,2,3,8,1
4,FUL,CRY,0-1,0,3,2.45,3.65,2.75,346,2,2,0,1,3,1
5,LIV,SHU,0-1,2,2,1.4,5.25,7.0,261,x,6,3,0,9,0
6,LUT,BRE,0-0,1,0,3.0,3.35,2.4,214,1,3,0,0,3,1
7,MUN,CHE,2-0,2,1,2.09,4.0,3.15,331,1,2,1,1,4,1
8,NOT,BOU,2-0,4,2,1.99,3.75,3.6,364,1,3,0,1,4,1
9,TOT,AST,0-0,0,0,2.1,3.8,3.25,254,x,1,2,2,5,0
10,WHU,BHA,0-1,2,3,2.45,3.6,2.8,59,2,2,2,3,7,1
1,ARS,LUT,0-0,2,0,1.35,5.25,8.5,20,1,6,1,0,7,1
2,BHA,LIV,1-0,4,1,2.08,4.0,3.15,161,1,4,1,2,7,1
3,BOU,TOT,0-1,1,2,3.9,3.8,1.89,32,2,3,1,3,7,1
4,BRE,FUL,0-1,2,2,1.96,3.65,3.85,187,x,1,3,0,4,0
5,MCI,WOL,0-1,1,1,1.48,4.7,6.25,76,x,4,4,1,9,0
6,MUN,CRY,0-1,1,1,1.62,4.45,4.85,37,x,3,3,0,6,0
7,NEW,EVE,2-3,2,4,1.76,3.9,4.5,65,2,0,1,2,3,1
8,NOT,BUR,0-0,2,1,2.06,3.75,3.4,180,1,3,2,1,6,1
9,SHU,CHE,0-0,0,1,4.1,3.8,1.85,192,2,1,2,2,5,1
10,WHU,AST,0-1,1,1,2.35,3.65,2.9,79,x,4,4,0,8,0
1,ARS,MCI,0-1,2,2,2.2,3.95,2.95,60,x,1,3,7,11,0
2,AST,LIV,0-1,2,1,2.14,4.05,3.05,30,1,2,1,2,5,1
3,BOU,WHU,0-0,1,1,3.45,3.6,2.08,322,x,0,1,2,3,0
4,CHE,BHA,1-1,1,3,2.08,3.75,3.35,81,2,0,1,5,6,1
5,FUL,LUT,2-0,2,1,1.9,3.75,3.95,340,1,4,1,1,6,1
6,MUN,BRE,1-0,2,0,1.65,4.2,4.9,157,1,3,0,2,5,1
7,NEW,WOL,2-0,4,1,1.63,4.15,5.25,140,1,5,1,2,8,1
8,NOT,EVE,0-0,0,0,2.7,3.6,2.55,242,x,0,2,2,4,0
9,SHU,CRY,3-0,3,0,2.85,3.5,2.45,175,1,1,2,2,5,1
10,TOT,BUR,1-1,2,2,1.48,4.6,6.5,197,x,1,2,3,6,0
1,ARS,NEW,1-2,1,3,1.98,3.95,3.5,228,2,3,0,2,5,1
2,BOU,LIV,2-1,3,2,4.05,4.15,1.8,333,1,1,1,2,4,1
3,BUR,WHU,1-0,2,3,3.3,3.6,2.16,111,2,3,1,3,7,1
4,CHE,AST,1-1,2,1,2.01,3.85,3.5,225,1,4,2,1,7,1
5,CRY,BHA,1-0,4,0,2.85,3.65,2.4,91,1,2,3,1,6,1
6,MCI,LUT,1-0,1,0,1.3,5.75,9.5,55,1,6,0,0,6,1
7,MUN,FUL,3-1,3,1,1.47,4.9,6.0,122,1,7,0,0,7,1
8,SHU,BRE,0-0,2,2,2.85,3.35,2.55,284,x,2,2,2,6,0
9,TOT,EVE,0-0,2,1,1.79,3.9,4.35,176,1,2,2,0,4,1
10,WOL,NOT,0-0,0,1,1.93,3.8,3.75,152,2,2,2,2,6,1
1,BRE,BOU,0-0,1,0,1.8,3.7,4.6,178,1,3,2,3,8,1
2,CRY,BUR,0-0,0,1,1.79,3.85,4.35,13,2,4,3,2,9,1
3,EVE,CHE,0-0,2,2,2.9,3.55,2.4,14,x,1,1,3,5,0
4,FUL,AST,0-0,1,1,3.25,3.7,2.14,313,x,0,3,1,4,0
5,LIV,WOL,4-0,5,0,1.58,4.55,5.25,362,1,4,1,0,5,1
6,LUT,SHU,0-0,0,0,2.3,3.45,3.1,75,x,1,2,1,4,0
7,MCI,TOT,1-1,2,2,1.82,4.15,3.9,341,x,1,2,0,3,0
8,MUN,BHA,0-1,0,1,2.04,3.95,3.3,174,2,4,3,3,10,1
9,NEW,NOT,0-0,1,2,1.46,4.85,6.25,365,2,2,1,2,5,1
10,WHU,ARS,0-2,0,2,2.6,3.75,2.55,19,2,3,2,2,7,1
1,ARS,LIV,0-0,1,0,1.91,4.25,3.5,337,1,1,0,3,4,1
2,AST,MUN,0-0,1,1,2.21,3.95,2.95,361,x,1,2,2,5,0
3,BOU,FUL,0-0,1,0,2.5,3.5,2.8,210,1,2,3,2,7,1
4,BUR,BRE,1-0,1,1,2.8,3.35,2.6,332,x,1,2,1,4,0
5,CHE,WOL,1-1,1,1,1.6,4.25,5.5,53,x,3,4,0,7,0
6,EVE,CRY,1-0,1,1,2.14,3.55,3.35,231,x,5,3,1,9,0
7,LUT,NOT,0-0,1,3,2.4,3.65,2.85,16,2,4,1,1,6,1
8,SHU,BHA,0-0,1,1,3.95,3.7,1.92,17,x,1,1,3,5,0
9,TOT,NEW,0-0,2,0,2.17,3.8,3.1,151,1,4,2,0,6,1
10,WHU,MCI,0-1,0,2,2.75,3.8,2.4,278,2,1,1,2,4,1
1,ARS,WHU,0-0,0,2,1.79,4.05,4.15,366,2,1,1,1,3,1
2,AST,SHU,1-0,3,0,1.49,4.5,6.5,290,1,5,0,0,5,1
3,BRE,BUR,0-0,2,0,1.85,3.65,4.35,23,1,3,1,3,7,1
4,CHE,MCI,1-1,3,4,2.3,3.85,2.8,211,2,1,2,2,5,1
5,FUL,NEW,2-1,3,4,3.4,3.8,2.05,221,2,0,1,4,5,1
6,LIV,BOU,1-0,3,0,1.38,5.25,7.5,279,1,5,0,2,7,1
7,LUT,EVE,0-2,1,2,3.1,3.4,2.35,189,2,0,1,1,2,1
8,MUN,CRY,4-0,5,3,1.62,4.45,4.85,37,1,3,3,0,6,1
9,NOT,WOL,0-1,0,2,2.45,3.65,2.8,318,2,1,1,2,4,1
10,TOT,BHA,1-1,3,1,2.18,3.75,3.15,8,1,4,1,2,7,1
1,AST,NEW,1-1,2,1,2.21,3.75,3.05,239,1,1,1,1,3,1
2,BHA,LUT,3-1,8,3,1.43,4.75,7.25,105,1,7,1,0,8,1
3,CRY,MCI,0-3,1,4,3.3,3.9,2.05,169,2,0,2,2,4,1
4,EVE,BRE,0-1,1,2,2.18,3.4,3.45,259,2,3,1,1,5,1
5,FUL,NOT,1-2,4,4,2.03,3.85,3.4,166,x,1,1,0,2,0
6,LIV,CHE,1-2,1,3,2.12,4.05,3.05,314,2,3,1,1,5,1
7,SHU,BOU,1-0,2,0,2.18,3.45,3.35,48,1,2,4,1,7,1
8,TOT,MUN,0-0,1,0,2.17,4.0,3.0,58,1,5,0,1,6,1
9,WHU,BUR,0-0,0,0,1.6,4.2,5.5,226,x,3,3,0,6,0
10,WOL,ARS,0-0,2,0,3.35,3.75,2.07,305,1,2,1,2,5,1
1,BOU,NEW,0-1,0,2,4.05,3.8,1.86,51,2,1,1,5,7,1
2,BRE,BHA,0-2,1,3,2.95,3.45,2.4,200,2,0,1,3,4,1
3,BUR,WOL,2-0,2,0,2.6,3.45,2.7,155,1,4,1,2,7,1
4,CHE,SHU,0-0,1,2,1.43,4.75,7.25,350,2,4,0,1,5,1
5,CRY,LIV,0-0,0,3,2.8,3.95,2.3,249,2,2,0,2,4,1
6,FUL,ARS,1-0,2,0,3.7,3.95,1.92,235,1,2,0,3,5,1
7,LUT,TOT,0-1,1,3,4.05,3.85,1.85,328,2,0,1,4,5,1
8,MCI,MUN,0-1,1,1,1.86,4.3,3.65,139,x,5,3,0,8,0
9,NOT,AST,0-1,0,2,3.4,3.85,2.02,352,2,0,2,1,3,1
10,WHU,EVE,1-0,4,2,1.96,3.65,3.8,347,1,4,0,1,5,1
10,WOL,BHA,1-0,1,0,2.7,3.6,2.55,360,1,1,0,2,3,1
1,ARS,CRY,0-2,4,2,1.59,4.4,5.25,50,1,3,3,0,6,1
2,BHA,AST,0-1,2,1,2.08,3.75,3.35,193,1,6,1,3,10,1
3,BRE,WOL,1-1,2,1,2.12,3.45,3.5,282,1,5,2,2,9,1
4,BUR,CHE,1-0,1,1,4.0,3.8,1.88,64,x,0,3,5,8,0
5,EVE,BOU,0-0,1,1,1.74,3.8,4.8,4,x,4,4,0,8,0
6,FUL,LUT,2-1,3,1,1.9,3.75,3.95,340,1,4,1,1,6,1
7,LIV,SHU,1-0,1,0,1.4,5.25,7.0,261,1,6,3,0,9,1
8,NEW,MCI,0-1,0,1,2.4,3.85,2.75,263,2,3,1,1,5,1
9,NOT,MUN,0-1,0,3,3.7,4.2,1.86,343,2,3,1,3,7,1
10,WHU,TOT,0-0,1,1,2.35,3.7,2.85,292,x,1,4,2,7,0
1,BHA,BOU,1-2,2,2,1.45,4.6,7.0,99,x,2,2,0,4,0
2,BRE,FUL,1-2,3,3,1.96,3.65,3.85,187,x,1,3,0,4,0
3,CHE,EVE,2-1,2,1,1.73,3.95,4.65,136,1,5,0,2,7,1
4,CRY,BUR,1-0,1,1,1.79,3.85,4.35,13,x,4,3,2,9,0
5,LUT,AST,0-0,0,0,4.0,3.75,1.89,84,x,1,4,1,6,0
6,MUN,ARS,1-1,2,3,2.16,4.05,3.0,262,2,4,2,1,7,1
7,NEW,LIV,2-0,2,1,2.05,4.1,3.2,330,1,3,0,2,5,1
8,NOT,MCI,1-0,2,0,4.3,4.3,1.72,275,1,2,0,5,7,1
9,TOT,SHU,0-0,3,0,1.47,4.65,6.5,86,1,4,1,1,6,1
10,WOL,WHU,0-1,0,1,2.7,3.55,2.55,133,2,0,1,5,6,1
1,ARS,MCI,0-3,2,6,2.2,3.95,2.95,60,2,1,3,7,11,1
2,BHA,CHE,0-0,0,0,2.21,3.7,3.1,367,x,0,2,1,3,0
3,BOU,LUT,2-0,4,1,2.17,3.5,3.35,135,1,2,1,5,8,1
4,BRE,AST,0-2,4,4,2.8,3.5,2.5,144,x,2,2,2,6,0
5,BUR,MUN,0-2,0,3,3.95,4.05,1.84,273,2,1,2,3,6,1
6,EVE,CRY,0-0,2,0,2.14,3.55,3.35,231,1,5,3,1,9,1
7,FUL,WHU,0-0,0,0,2.9,3.65,2.35,147,x,1,4,2,7,0
8,NOT,LIV,0-0,0,0,3.55,4.25,1.88,78,x,1,4,2,7,0
9,SHU,NEW,1-0,1,2,3.95,3.8,1.89,131,2,1,0,5,6,1
10,WOL,TOT,0-3,0,3,3.0,3.65,2.3,216,2,2,1,4,7,1
1,BHA,CRY,1-0,1,0,1.71,4.05,4.65,356,1,4,2,1,7,1
2,BOU,BRE,0-1,0,1,2.9,3.35,2.5,63,2,1,2,5,8,1
3,BUR,MCI,1-3,2,4,4.55,4.15,1.71,271,2,0,0,4,4,1
4,CHE,LUT,0-0,2,1,1.39,5.0,7.75,100,1,5,1,1,7,1
5,LIV,ARS,1-0,1,1,2.2,4.1,2.9,121,x,1,4,0,5,0
6,MUN,EVE,1-0,2,1,1.69,4.2,4.65,130,1,4,1,1,6,1
7,NEW,TOT,0-0,0,0,2.06,3.85,3.3,310,x,2,2,0,4,0
8,SHU,NOT,1-1,1,1,2.3,3.65,3.0,141,x,1,2,2,5,0
9,WHU,AST,0-0,1,1,2.35,3.65,2.9,79,x,4,4,0,8,0
10,WOL,FUL,0-3,0,4,2.04,3.65,3.55,203,2,2,1,1,4,1
1,BHA,AST,1-1,3,2,2.08,3.75,3.35,193,1,6,1,3,10,1
2,BOU,TOT,1-2,2,2,3.9,3.8,1.89,32,x,3,1,3,7,0
3,BRE,MUN,0-0,0,0,2.95,3.7,2.3,351,x,1,1,3,5,0
4,CHE,MCI,1-1,4,3,2.3,3.85,2.8,211,1,1,2,2,5,1
5,CRY,SHU,0-0,1,1,1.77,3.85,4.5,207,x,3,3,0,6,0
6,EVE,BUR,3-0,4,1,1.79,3.75,4.55,368,1,4,0,0,4,1
7,LUT,WHU,0-0,0,0,3.55,3.65,2.04,5,x,1,1,5,7,0
8,NEW,FUL,1-0,1,2,1.53,4.5,5.75,27,2,5,1,2,8,1
9,NOT,ARS,1-0,2,1,3.95,4.1,1.82,357,1,3,0,1,4,1
10,WOL,LIV,0-0,2,0,3.05,3.9,2.17,345,1,2,0,2,4,1
1,AST,TOT,1-0,1,0,2.15,3.8,3.15,270,1,3,2,3,8,1
2,BHA,CRY,0-0,0,0,1.71,4.05,4.65,356,x,4,2,1,7,0
3,BRE,MCI,0-0,1,3,3.4,3.7,2.08,369,2,0,0,1,1,1
4,CHE,SHU,0-0,2,0,1.43,4.75,7.25,350,1,4,0,1,5,1
5,EVE,ARS,0-0,0,0,3.0,3.6,2.3,212,x,1,2,1,4,0
6,FUL,BUR,1-0,1,0,2.0,3.7,3.65,172,1,2,2,1,5,1
7,LIV,NOT,0-0,1,0,1.41,5.5,6.5,222,1,4,2,0,6,1
8,LUT,NEW,0-1,0,2,4.2,3.85,1.82,306,2,0,0,3,3,1
9,MUN,WOL,0-0,2,0,1.57,4.5,5.5,26,1,6,1,1,8,1
10,WHU,BOU,0-0,0,0,1.56,4.25,5.75,358,x,2,1,0,3,0
1,AST,WHU,0-1,1,1,1.99,3.8,3.6,115,x,2,2,0,4,0
2,CHE,BHA,0-0,0,1,2.08,3.75,3.35,81,2,0,1,5,6,1
3,FUL,ARS,2-0,6,1,3.7,3.95,1.92,235,1,2,0,3,5,1
4,LUT,BUR,1-1,3,3,2.35,3.45,3.05,223,x,2,1,0,3,0
5,MCI,WOL,0-0,0,0,1.48,4.7,6.25,76,x,4,4,1,9,0
6,MUN,LIV,0-2,1,5,1.97,4.35,3.25,179,2,3,1,2,6,1
7,NEW,BOU,0-0,3,0,1.43,4.75,7.25,247,1,4,0,1,5,1
8,NOT,EVE,0-0,1,1,2.7,3.6,2.55,242,x,0,2,2,4,0
9,SHU,BRE,0-1,0,1,2.85,3.35,2.55,284,2,2,2,2,6,1
10,TOT,CRY,2-0,3,0,1.71,4.15,4.5,103,1,7,0,0,7,1
1,ARS,LUT,0-0,1,0,1.35,5.25,8.5,20,1,6,1,0,7,1
2,BHA,BRE,0-1,0,1,1.75,3.85,4.7,354,2,2,0,1,3,1
3,BUR,BOU,1-2,1,3,2.13,3.5,3.45,370,2,2,0,2,4,1
4,CHE,TOT,0-0,1,1,2.01,3.9,3.4,120,x,2,2,3,7,0
5,CRY,WHU,0-0,0,0,2.5,3.6,2.7,219,x,4,1,1,6,0
6,EVE,FUL,1-2,1,4,1.9,3.7,4.0,326,2,3,1,1,5,1
7,LIV,MCI,1-0,3,1,2.35,4.15,2.65,173,1,2,1,1,4,1
8,MUN,NOT,0-0,2,0,1.41,5.25,6.75,7,1,7,0,0,7,1
9,NEW,AST,0-1,2,3,2.05,3.8,3.35,320,2,2,2,2,6,1
10,SHU,WOL,2-0,3,0,2.65,3.4,2.65,277,1,2,1,1,4,1
1,ARS,AST,1-1,1,1,1.92,3.95,3.65,87,x,2,2,3,7,0
2,BOU,EVE,0-0,0,0,3.0,3.4,2.4,154,x,0,2,2,4,0
3,CRY,BUR,0-0,1,0,1.79,3.85,4.35,13,1,4,3,2,9,1
4,FUL,LUT,0-0,1,1,1.9,3.75,3.95,340,x,4,1,1,6,0
5,LIV,BHA,2-1,3,1,2.07,4.0,3.15,232,1,4,3,1,8,1
6,MUN,SHU,2-0,3,2,1.4,5.25,7.25,167,1,5,0,1,6,1
7,NEW,CHE,0-0,0,0,2.18,3.8,3.1,353,x,1,2,1,4,0
8,NOT,MCI,0-1,0,1,4.3,4.3,1.72,275,2,2,0,5,7,1
9,WHU,BRE,0-0,0,0,1.91,3.65,4.0,49,x,6,1,1,8,0
10,WOL,TOT,1-2,1,2,3.0,3.65,2.3,216,2,2,1,4,7,1
1,ARS,CRY,1-0,1,1,1.59,4.4,5.25,50,x,3,3,0,6,0
2,AST,EVE,1-0,1,0,1.82,3.8,4.25,98,1,4,1,1,6,1
3,CHE,BUR,0-2,2,2,1.44,4.75,7.0,240,x,3,1,0,4,0
4,FUL,BOU,0-1,1,1,1.94,3.7,3.85,250,x,2,2,2,6,0
5,LUT,NOT,0-0,1,0,2.4,3.65,2.85,16,1,4,1,1,6,1
6,MUN,BHA,0-0,1,0,2.04,3.95,3.3,174,1,4,3,3,10,1
7,NEW,BRE,1-1,3,3,1.72,3.95,4.75,102,x,3,2,0,5,0
8,SHU,MCI,0-1,2,2,4.7,4.15,1.69,315,x,1,2,3,6,0
9,TOT,LIV,2-0,4,0,2.1,4.1,3.05,18,1,2,2,3,7,1
10,WOL,WHU,0-1,0,1,2.7,3.55,2.55,133,2,0,1,5,6,1
1,AST,FUL,1-0,1,2,1.58,4.35,5.5,61,2,2,2,1,5,1
2,BHA,MCI,1-0,1,0,2.4,3.8,2.75,153,1,2,2,0,4,1
3,BOU,LUT,0-0,0,1,2.17,3.5,3.35,135,2,2,1,5,8,1
4,BUR,BRE,0-1,0,1,2.8,3.35,2.6,332,2,1,2,1,4,1
5,CHE,ARS,1-0,3,2,2.19,3.85,3.05,33,1,6,1,2,9,1
6,EVE,CRY,0-0,1,0,2.14,3.55,3.35,231,1,5,3,1,9,1
7,MUN,TOT,0-0,1,0,1.98,4.1,3.35,114,1,3,1,1,5,1
8,NEW,WOL,1-0,1,0,1.63,4.15,5.25,140,1,5,1,2,8,1
9,NOT,SHU,0-1,0,1,2.03,3.7,3.5,38,2,7,0,2,9,1
10,WHU,LIV,0-1,0,2,2.35,3.95,2.75,68,2,5,0,2,7,1
1,ARS,TOT,0-2,2,3,1.93,4.0,3.6,70,2,3,0,2,5,1
2,AST,LUT,1-0,2,0,1.45,4.65,7.0,204,1,3,2,1,6,1
3,BOU,CHE,1-1,3,2,4.2,3.85,1.82,88,1,2,2,5,9,1
4,BUR,WOL,1-0,2,1,2.6,3.45,2.7,155,1,4,1,2,7,1
5,EVE,CRY,0-0,1,1,2.14,3.55,3.35,231,x,5,3,1,9,0
6,FUL,BHA,0-1,2,1,3.4,3.7,2.08,260,1,3,1,3,7,1
7,MCI,MUN,0-0,1,0,1.86,4.3,3.65,139,1,5,3,0,8,1
8,NEW,WHU,1-1,2,2,1.91,3.9,3.75,168,x,2,2,2,6,0
9,NOT,BRE,0-2,0,3,2.6,3.55,2.65,56,2,4,2,1,7,1
10,SHU,LIV,0-2,0,3,3.9,4.1,1.83,196,2,3,1,4,8,1
1,ARS,NOT,1-1,3,2,1.39,5.25,7.25,311,1,3,1,0,4,1
2,BHA,AST,0-0,1,0,2.08,3.75,3.35,193,1,6,1,3,10,1
3,BOU,LIV,0-0,0,2,4.05,4.15,1.8,333,2,1,1,2,4,1
4,BUR,NEW,0-0,0,0,3.85,3.8,1.92,119,x,2,2,4,8,0
5,CRY,CHE,1-1,1,4,2.95,3.7,2.3,234,2,2,0,2,4,1
6,LUT,BRE,0-0,1,0,3.0,3.35,2.4,214,1,3,0,0,3,1
7,MCI,WOL,1-1,1,1,1.48,4.7,6.25,76,x,4,4,1,9,0
8,MUN,EVE,2-0,2,1,1.69,4.2,4.65,130,1,4,1,1,6,1
9,SHU,FUL,1-0,1,1,2.45,3.5,2.85,95,x,1,1,2,4,0
10,WHU,TOT,0-1,0,2,2.35,3.7,2.85,292,2,1,4,2,7,1
1,ARS,BRE,3-0,5,2,1.63,4.15,5.25,301,1,2,1,0,3,1
2,BOU,FUL,1-0,1,1,2.5,3.5,2.8,210,x,2,3,2,7,0
3,LIV,CRY,3-0,4,1,1.63,4.5,4.7,213,1,6,2,0,8,1
4,LUT,BHA,0-0,2,0,4.15,3.8,1.85,128,1,3,2,1,6,1
5,MUN,CHE,0-1,1,1,2.09,4.0,3.15,331,x,2,1,1,4,0
6,NEW,MCI,2-0,2,0,2.4,3.85,2.75,263,1,3,1,1,5,1
7,NOT,WHU,1-0,3,0,3.1,3.75,2.19,267,1,3,1,1,5,1
8,SHU,AST,0-0,0,1,3.75,3.7,1.96,158,2,3,0,3,6,1
9,TOT,BUR,2-0,2,2,1.48,4.6,6.5,197,x,1,2,3,6,0
10,WOL,EVE,1-2,1,2,2.45,3.4,2.95,182,2,4,2,5,11,1
1,BHA,SHU,2-2,3,2,1.47,4.55,6.75,218,1,5,0,1,6,1
2,BOU,LUT,0-1,1,3,2.17,3.5,3.35,135,2,2,1,5,8,1
3,BUR,ARS,1-0,2,0,4.2,3.95,1.8,349,1,2,1,1,4,1
4,CHE,NEW,0-0,2,0,2.07,3.85,3.3,3,1,4,0,0,4,1
5,CRY,AST,1-0,2,0,2.75,3.65,2.45,334,1,3,0,1,4,1
6,EVE,TOT,0-0,0,2,2.75,3.55,2.5,45,2,2,3,2,7,1
7,MCI,NOT,2-0,3,0,1.34,5.75,8.0,94,1,4,1,1,6,1
8,MUN,FUL,1-0,3,2,1.47,4.9,6.0,122,1,7,0,0,7,1
9,WHU,BRE,1-0,2,0,1.91,3.65,4.0,49,1,6,1,1,8,1
10,WOL,LIV,0-3,1,4,3.05,3.9,2.17,345,2,2,0,2,4,1
1,BHA,NEW,0-0,0,0,2.15,3.75,3.2,253,x,2,1,2,5,0
2,BOU,WOL,1-1,1,1,2.7,3.4,2.6,257,x,1,1,1,3,0
3,BUR,BRE,1-0,3,0,2.8,3.35,2.6,332,1,1,2,1,4,1
4,CHE,ARS,2-1,3,1,2.19,3.85,3.05,33,1,6,1,2,9,1
5,EVE,WHU,0-0,0,0,2.5,3.5,2.8,287,x,2,2,0,4,0
6,FUL,TOT,1-0,2,1,3.25,3.8,2.1,108,1,3,0,5,8,1
7,LIV,AST,0-0,0,1,2.0,4.1,3.3,138,2,1,1,2,4,1
8,LUT,MUN,0-2,1,3,4.3,4.15,1.74,93,2,2,1,2,5,1
9,MCI,SHU,1-1,1,1,1.33,5.5,8.75,298,x,4,2,0,6,0
10,NOT,CRY,0-0,1,1,2.55,3.75,2.6,123,x,0,2,2,4,0
1,BHA,AST,0-0,0,1,2.08,3.75,3.35,193,2,6,1,3,10,1
2,BOU,LIV,0-1,0,1,4.05,4.15,1.8,333,2,1,1,2,4,1
3,BRE,SHU,1-0,2,0,1.83,3.65,4.45,2,1,4,0,0,4,1
4,CRY,FUL,1-1,1,1,1.9,3.85,3.85,137,x,2,1,3,6,0
5,EVE,NEW,1-1,2,1,2.8,3.55,2.45,194,1,3,0,2,5,1
6,MCI,LUT,1-0,3,0,1.3,5.75,9.5,55,1,6,0,0,6,1
7,MUN,ARS,1-0,3,0,2.16,4.05,3.0,262,1,4,2,1,7,1
8,NOT,CHE,1-1,2,1,3.75,4.0,1.9,371,1,1,1,0,2,1
9,WHU,BUR,0-0,0,0,1.6,4.2,5.5,226,x,3,3,0,6,0
10,WOL,TOT,0-0,0,0,3.0,3.65,2.3,216,x,2,1,4,7,0
1,ARS,MCI,2-0,3,3,2.2,3.95,2.95,60,x,1,3,7,11,0
2,AST,EVE,1-0,2,2,1.82,3.8,4.25,98,x,4,1,1,6,0
3,BOU,BHA,0-1,1,2,4.05,3.75,1.88,71,2,1,0,4,5,1
4,BRE,LUT,0-1,1,1,1.76,3.75,4.75,118,x,3,3,2,8,0
5,BUR,NEW,1-2,2,5,3.85,3.8,1.92,119,2,2,2,4,8,1
6,CHE,CRY,0-0,0,1,1.65,4.2,4.9,74,2,4,0,1,5,1
7,FUL,WOL,0-2,2,2,2.35,3.55,3.0,15,x,3,3,1,7,0
8,NOT,MUN,0-1,2,1,3.7,4.2,1.86,343,1,3,1,3,7,1
9,TOT,LIV,1-3,2,4,2.1,4.1,3.05,18,2,2,2,3,7,1
10,WHU,SHU,2-0,3,1,1.58,4.2,5.5,104,1,4,0,1,5,1
1,BHA,TOT,1-0,1,1,2.09,3.8,3.3,295,x,0,4,0,4,0
2,BRE,ARS,0-1,2,3,3.15,3.6,2.21,170,2,2,3,2,7,1
3,BUR,AST,0-0,0,0,3.65,3.7,1.99,52,x,2,3,0,5,0
4,EVE,BOU,0-0,0,0,1.74,3.8,4.8,4,x,4,4,0,8,0
5,FUL,CHE,1-0,1,0,3.5,3.8,2.0,245,1,3,0,2,5,1
6,LIV,WOL,1-0,3,0,1.58,4.55,5.25,362,1,4,1,0,5,1
7,LUT,WHU,1-0,2,1,3.55,3.65,2.04,5,1,1,1,5,7,1
8,MUN,CRY,0-1,2,2,1.62,4.45,4.85,37,x,3,3,0,6,0
9,NEW,SHU,1-0,1,1,1.45,4.65,7.0,109,x,2,2,2,6,0
10,NOT,MCI,1-2,3,4,4.3,4.3,1.72,275,2,2,0,5,7,1
1,AST,SHU,2-0,3,0,1.49,4.5,6.5,290,1,5,0,0,5,1
2,BHA,WOL,1-1,3,1,1.65,4.05,5.0,116,1,4,0,0,4,1
3,BUR,BOU,0-1,2,1,2.13,3.5,3.45,370,1,2,0,2,4,1
4,CHE,MUN,0-0,1,1,2.06,4.0,3.2,286,x,1,1,1,3,0
5,EVE,TOT,1-0,1,1,2.75,3.55,2.5,45,x,2,3,2,7,0
6,FUL,LIV,0-1,0,3,3.35,4.1,2.0,54,2,1,2,4,7,1
7,MCI,CRY,1-1,1,1,1.52,4.65,5.75,372,x,1,1,0,2,0
8,NEW,LUT,0-0,1,1,1.41,4.9,7.5,324,x,3,2,0,5,0
9,NOT,BRE,2-0,3,0,2.6,3.55,2.65,56,1,4,2,1,7,1
10,WHU,ARS,2-0,2,2,2.6,3.75,2.55,19,x,3,2,2,7,0
1,AST,LUT,2-0,4,0,1.45,4.65,7.0,204,1,3,2,1,6,1
2,BHA,LIV,0-1,0,2,2.08,4.0,3.15,161,2,4,1,2,7,1
3,BRE,CRY,0-1,2,3,2.21,3.5,3.25,285,2,2,1,3,6,1
4,BUR,TOT,1-1,3,2,3.7,3.8,1.95,162,1,3,1,3,7,1
5,MCI,CHE,0-0,0,4,1.91,4.05,3.65,150,2,1,2,2,5,1
6,MUN,FUL,2-0,3,0,1.47,4.9,6.0,122,1,7,0,0,7,1
7,NEW,ARS,1-0,1,3,2.25,3.8,2.95,266,2,3,1,3,7,1
8,NOT,WHU,1-1,2,2,3.1,3.75,2.19,267,x,3,1,1,5,0
9,SHU,BOU,0-0,1,1,2.18,3.45,3.35,48,x,2,4,1,7,0
10,WOL,EVE,0-1,0,1,2.45,3.4,2.95,182,2,4,2,5,11,1
1,AST,ARS,0-2,1,3,2.35,3.75,2.8,335,2,1,2,1,4,1
2,BOU,LUT,2-1,2,2,2.17,3.5,3.35,135,x,2,1,5,8,0
3,CHE,BRE,1-0,3,1,1.69,4.0,4.9,163,1,5,1,0,6,1
4,CRY,WHU,0-0,2,0,2.5,3.6,2.7,219,1,4,1,1,6,1
5,EVE,LIV,0-0,0,0,2.75,3.8,2.4,308,x,2,1,1,4,0
6,FUL,BHA,1-0,3,1,3.4,3.7,2.08,260,1,3,1,3,7,1
7,MUN,MCI,1-1,3,3,2.3,4.05,2.75,46,x,1,2,2,5,0
8,NOT,NEW,0-0,1,1,3.6,3.95,1.94,47,x,2,1,4,7,0
9,SHU,TOT,2-0,4,2,3.8,3.8,1.93,181,1,2,0,3,5,1
10,WOL,BUR,3-1,3,2,1.91,3.65,4.0,9,1,1,2,3,6,1
1,ARS,CHE,1-1,2,1,2.03,3.9,3.35,124,1,4,1,1,6,1
2,BHA,CRY,1-1,1,1,1.71,4.05,4.65,356,x,4,2,1,7,0
3,BRE,BOU,0-1,1,1,1.8,3.7,4.6,178,x,3,2,3,8,0
4,LIV,BUR,0-1,0,1,1.41,5.25,7.0,127,2,3,1,1,5,1
5,MCI,WOL,0-1,0,1,1.48,4.7,6.25,76,2,4,4,1,9,1
6,MUN,FUL,4-2,5,3,1.47,4.9,6.0,122,1,7,0,0,7,1
7,NEW,AST,1-0,1,0,2.05,3.8,3.35,320,1,2,2,2,6,1
8,NOT,LUT,0-1,1,1,1.95,3.8,3.7,185,x,3,2,3,8,0
9,TOT,SHU,1-1,2,1,1.47,4.65,6.5,86,1,4,1,1,6,1
10,WHU,EVE,0-0,3,2,1.96,3.65,3.8,347,1,4,0,1,5,1
1,AST,LUT,0-0,3,1,1.45,4.65,7.0,204,1,3,2,1,6,1
2,BHA,NOT,0-0,1,1,1.48,4.7,6.25,62,x,4,3,1,8,0
3,BOU,CHE,0-2,1,3,4.2,3.85,1.82,88,2,2,2,5,9,1
4,BRE,NEW,1-0,2,0,2.95,3.5,2.4,12,1,2,1,2,5,1
5,EVE,BUR,2-0,3,1,1.79,3.75,4.55,368,1,4,0,0,4,1
6,FUL,ARS,0-2,0,2,3.7,3.95,1.92,235,2,2,0,3,5,1
7,MCI,TOT,2-0,3,3,1.82,4.15,3.9,341,x,1,2,0,3,0
8,MUN,WHU,1-0,1,1,1.83,4.15,3.85,280,x,3,1,1,5,0
9,SHU,LIV,2-1,2,4,3.9,4.1,1.83,196,2,3,1,4,8,1
10,WOL,CRY,0-1,0,4,2.3,3.55,3.0,69,2,5,2,1,8,1
1,ARS,WHU,1-0,2,0,1.79,4.05,4.15,366,1,1,1,1,3,1
2,AST,BHA,0-0,2,0,2.22,3.7,3.1,21,1,2,1,1,4,1
3,BOU,FUL,0-0,0,2,2.5,3.5,2.8,210,2,2,3,2,7,1
4,BRE,CHE,1-2,1,2,3.0,3.55,2.3,230,2,1,0,3,4,1
5,EVE,SHU,1-0,3,0,1.77,3.75,4.7,327,1,2,0,2,4,1
6,LIV,MCI,2-0,3,0,2.35,4.15,2.65,173,1,2,1,1,4,1
7,LUT,NEW,0-0,0,1,4.2,3.85,1.82,306,2,0,0,3,3,1
8,MUN,BUR,2-0,4,1,1.41,5.0,7.0,319,1,6,0,0,6,1
9,TOT,CRY,0-0,1,0,1.71,4.15,4.5,103,1,7,0,0,7,1
10,WOL,NOT,0-0,1,1,1.93,3.8,3.75,152,x,2,2,2,6,0
1,BOU,MCI,0-2,1,6,4.85,4.2,1.66,22,2,1,2,3,6,1
2,CHE,BUR,2-1,4,1,1.44,4.75,7.0,240,1,3,1,0,4,1
3,CRY,ARS,1-0,3,1,3.1,3.8,2.18,164,1,2,2,3,7,1
4,EVE,AST,2-4,3,4,2.7,3.5,2.55,220,2,3,1,3,7,1
5,FUL,WHU,1-1,2,2,2.9,3.65,2.35,147,x,1,4,2,7,0
6,LUT,LIV,2-2,3,4,4.15,4.2,1.76,236,2,2,0,2,4,1
7,NEW,WOL,0-0,1,1,1.63,4.15,5.25,140,x,5,1,2,8,0
8,NOT,MUN,0-0,2,1,3.7,4.2,1.86,343,1,3,1,3,7,1
9,SHU,BRE,0-0,1,1,2.85,3.35,2.55,284,x,2,2,2,6,0
10,TOT,BHA,0-1,0,1,2.18,3.75,3.15,8,2,4,1,2,7,1
1,ARS,LUT,0-0,1,0,1.35,5.25,8.5,20,1,6,1,0,7,1
2,BRE,SHU,1-1,3,2,1.83,3.65,4.45,2,1,4,0,0,4,1
3,CHE,TOT,0-1,0,1,2.01,3.9,3.4,120,2,2,2,3,7,1
4,CRY,NEW,0-0,3,0,2.85,3.7,2.35,276,1,3,3,1,7,1
5,EVE,AST,1-0,1,0,2.7,3.5,2.55,220,1,3,1,3,7,1
6,LIV,WHU,0-0,0,1,1.85,4.2,3.75,241,2,0,0,3,3,1
7,MCI,BUR,1-0,1,0,1.34,5.5,8.5,101,1,4,1,1,6,1
8,MUN,BOU,2-0,4,1,1.38,5.25,7.5,184,1,2,0,0,2,1
9,NOT,FUL,0-1,0,2,2.23,3.75,3.0,272,2,4,1,2,7,1
10,WOL,BHA,0-0,0,1,3.1,3.55,2.25,360,2,1,0,2,3,1
1,BRE,CHE,0-1,2,1,3.0,3.55,2.3,230,1,1,0,3,4,1
2,BUR,BHA,0-2,0,5,3.8,3.7,1.94,373,2,1,0,2,3,1
3,CRY,BOU,0-1,0,2,1.74,3.9,4.65,126,2,3,3,1,7,1
4,EVE,NOT,1-0,1,0,1.8,3.9,4.25,83,1,2,0,1,3,1
5,LUT,AST,1-1,1,1,4.0,3.75,1.89,84,x,1,4,1,6,0
6,MCI,FUL,0-0,2,1,1.39,5.25,7.25,183,1,4,2,0,6,1
7,MUN,LIV,0-1,1,2,1.97,4.35,3.25,179,2,3,1,2,6,1
8,NEW,TOT,1-1,2,1,2.06,3.85,3.3,310,1,2,2,0,4,1
9,WHU,ARS,0-1,2,1,2.6,3.75,2.55,19,1,3,2,2,7,1
10,WOL,SHU,1-3,1,4,1.89,3.65,4.1,348,2,1,2,1,4,1
1,ARS,LIV,1-1,1,3,1.91,4.25,3.5,337,2,1,0,3,4,1
2,BHA,FUL,0-0,0,1,1.55,4.4,5.75,42,2,2,1,1,4,1
3,BOU,TOT,0-0,1,0,3.9,3.8,1.89,32,1,3,1,3,7,1
4,BRE,NEW,0-0,0,0,2.95,3.5,2.4,12,x,2,1,2,5,0
5,EVE,MCI,3-1,4,2,3.25,3.7,2.14,34,1,3,2,3,8,1
6,MUN,CRY,1-1,2,2,1.62,4.45,4.85,37,x,3,3,0,6,0
7,NOT,LUT,1-1,2,1,1.95,3.8,3.7,185,1,3,2,3,8,1
8,SHU,BUR,0-1,1,1,2.25,3.45,3.2,215,x,0,4,0,4,0
9,WHU,AST,1-1,3,2,2.35,3.65,2.9,79,1,4,4,0,8,1
10,WOL,CHE,0-0,0,1,3.2,3.65,2.17,198,2,0,2,2,4,1
1,ARS,AST,2-0,2,2,1.92,3.95,3.65,87,x,2,2,3,7,0
2,BHA,EVE,2-1,5,1,1.78,3.8,4.45,297,1,3,0,1,4,1
3,BRE,BOU,0-0,2,3,1.8,3.7,4.6,178,2,3,2,3,8,1
4,BUR,CHE,0-2,0,2,4.0,3.8,1.88,64,2,0,3,5,8,1
5,LIV,CRY,1-0,3,1,1.63,4.5,4.7,213,1,6,2,0,8,1
6,LUT,MCI,1-1,2,1,5.0,4.25,1.63,288,1,1,2,4,7,1
7,NEW,WOL,1-0,1,0,1.63,4.15,5.25,140,1,5,1,2,8,1
8,SHU,FUL,2-0,3,0,2.45,3.5,2.85,95,1,1,1,2,4,1
9,TOT,MUN,2-0,2,1,2.17,4.0,3.0,58,1,5,0,1,6,1
10,WHU,NOT,3-0,3,0,1.6,4.35,5.25,233,1,2,1,0,3,1
1,AST,LIV,0-0,0,1,2.14,4.05,3.05,30,2,2,1,2,5,1
2,BRE,MUN,0-2,0,2,2.95,3.7,2.3,351,2,1,1,3,5,1
3,BUR,NEW,0-0,1,0,3.85,3.8,1.92,119,1,2,2,4,8,1
4,CHE,FUL,2-0,3,0,1.5,4.6,6.0,206,1,3,0,1,4,1
5,CRY,TOT,1-1,1,2,2.8,3.7,2.4,258,2,1,2,2,5,1
6,EVE,SHU,0-2,0,2,1.77,3.75,4.7,327,2,2,0,2,4,1
7,LUT,BHA,1-0,1,0,4.15,3.8,1.85,128,1,3,2,1,6,1
8,MCI,WHU,2-1,3,3,1.7,4.25,4.5,190,x,1,2,1,4,0
9,NOT,ARS,0-0,0,1,3.95,4.1,1.82,357,2,3,0,1,4,1
10,WOL,BOU,1-0,1,1,1.85,3.7,4.25,227,x,3,2,0,5,0
1,ARS,MCI,0-2,0,2,2.2,3.95,2.95,60,2,1,3,7,11,1
2,BHA,WHU,0-1,1,1,1.94,3.8,3.75,294,x,2,1,0,3,0
3,BRE,CRY,1-0,1,0,2.21,3.5,3.25,285,1,2,1,3,6,1
4,BUR,BOU,0-1,0,1,2.13,3.5,3.45,370,2,2,0,2,4,1
5,EVE,CHE,1-0,1,0,2.9,3.55,2.4,14,1,1,1,3,5,1
6,FUL,NEW,0-0,0,0,3.4,3.8,2.05,221,x,0,1,4,5,0
7,LIV,TOT,2-0,2,0,2.01,4.15,3.25,374,1,1,0,0,1,1
8,MUN,WOL,2-0,2,0,1.57,4.5,5.5,26,1,6,1,1,8,1
9,NOT,AST,0-0,0,0,3.4,3.85,2.02,352,x,0,2,1,3,0
10,SHU,LUT,1-0,1,1,2.13,3.5,3.45,268,x,1,2,0,3,0
1,AST,MCI,1-1,2,1,2.5,3.8,2.6,10,1,3,2,2,7,1
2,BHA,ARS,2-0,4,1,2.3,3.75,2.95,177,1,3,0,1,4,1
3,BUR,MUN,0-3,0,3,3.95,4.05,1.84,273,2,1,2,3,6,1
4,CHE,LUT,2-0,5,0,1.39,5.0,7.75,100,1,5,1,1,7,1
5,CRY,WOL,2-0,2,2,2.05,3.65,3.5,82,x,0,2,1,3,0
6,EVE,NEW,1-0,1,0,2.8,3.55,2.45,194,1,3,0,2,5,1
7,FUL,BOU,0-3,2,4,1.94,3.7,3.85,250,2,2,2,2,6,1
8,NOT,LIV,0-0,0,0,3.55,4.25,1.88,78,x,1,4,2,7,0
9,SHU,WHU,1-1,2,2,3.4,3.6,2.12,28,x,0,2,3,5,0
10,TOT,BRE,1-0,2,1,1.75,3.9,4.55,224,1,3,0,1,4,1
1,ARS,SHU,2-3,3,3,1.39,5.0,7.75,293,x,1,2,0,3,0
2,BHA,AST,2-1,3,3,2.08,3.75,3.35,193,x,6,1,3,10,0
3,BRE,LIV,0-1,0,3,2.85,3.8,2.3,244,2,2,0,3,5,1
4,CRY,BUR,0-0,1,0,1.79,3.85,4.35,13,1,4,3,2,9,1
5,EVE,BOU,2-0,3,2,1.74,3.8,4.8,4,1,4,4,0,8,1
6,FUL,MUN,0-2,0,4,3.45,4.0,1.97,195,2,0,2,3,5,1
7,MCI,NOT,4-1,6,1,1.34,5.75,8.0,94,1,4,1,1,6,1
8,NEW,LUT,3-0,4,0,1.41,4.9,7.5,324,1,3,2,0,5,1
9,WHU,CHE,1-1,1,1,2.5,3.65,2.7,355,x,1,2,1,4,0
10,WOL,TOT,1-1,3,1,3.0,3.65,2.3,216,1,2,1,4,7,1
1,BHA,NOT,0-0,1,1,1.48,4.7,6.25,62,x,4,3,1,8,0
2,BOU,LUT,0-1,0,1,2.17,3.5,3.35,135,2,2,1,5,8,1
3,BRE,WOL,0-0,3,0,2.12,3.45,3.5,282,1,5,2,2,9,1
4,CHE,ARS,2-1,2,1,2.19,3.85,3.05,33,1,6,1,2,9,1
5,FUL,CRY,0-1,2,1,2.45,3.65,2.75,346,1,2,0,1,3,1
6,LIV,MCI,0-0,1,4,2.35,4.15,2.65,173,2,2,1,1,4,1
7,MUN,EVE,1-0,1,0,1.69,4.2,4.65,130,1,4,1,1,6,1
8,NEW,WHU,1-0,1,1,1.91,3.9,3.75,168,x,2,2,2,6,0
9,SHU,AST,2-0,3,0,3.75,3.7,1.96,158,1,3,0,3,6,1
10,TOT,BUR,0-2,1,2,1.48,4.6,6.5,197,2,1,2,3,6,1
1,AST,CHE,1-1,2,2,2.3,3.75,2.95,41,x,0,3,3,6,0
2,BOU,WHU,0-0,0,2,3.45,3.6,2.08,322,2,0,1,2,3,1
3,BRE,BUR,0-0,1,0,1.85,3.65,4.35,23,1,3,1,3,7,1
4,CRY,EVE,0-1,1,1,2.25,3.55,3.15,25,x,5,1,0,6,0
5,FUL,TOT,0-2,1,4,3.25,3.8,2.1,108,2,3,0,5,8,1
6,LIV,WOL,3-0,3,0,1.58,4.55,5.25,362,1,4,1,0,5,1
7,MCI,BHA,1-2,2,3,1.88,4.0,3.8,237,2,1,1,2,4,1
8,MUN,LUT,0-0,3,0,1.36,5.5,8.0,291,1,5,0,0,5,1
9,NEW,ARS,0-2,1,3,2.25,3.8,2.95,266,2,3,1,3,7,1
10,SHU,NOT,1-0,2,3,2.3,3.65,3.0,141,2,1,2,2,5,1
1,ARS,BOU,0-0,1,1,1.37,5.25,8.25,217,x,1,2,0,3,0
2,BUR,WOL,2-0,3,1,2.6,3.45,2.7,155,1,4,1,2,7,1
3,CHE,NOT,2-0,3,0,1.44,4.95,6.75,171,1,4,1,2,7,1
4,EVE,TOT,1-0,1,1,2.75,3.55,2.5,45,x,2,3,2,7,0
5,FUL,BRE,0-0,1,2,2.5,3.45,2.8,35,2,2,3,1,6,1
6,LIV,BHA,0-2,0,4,2.07,4.0,3.15,232,2,4,3,1,8,1
7,LUT,CRY,2-1,3,1,2.95,3.55,2.35,149,1,2,3,1,6,1
8,MCI,SHU,1-0,1,1,1.33,5.5,8.75,298,x,4,2,0,6,0
9,MUN,WHU,1-1,2,1,1.83,4.15,3.85,280,1,3,1,1,5,1
10,NEW,AST,0-0,1,0,2.05,3.8,3.35,320,1,2,2,2,6,1
1,AST,BOU,1-0,1,0,1.47,4.55,6.75,229,1,3,2,0,5,1
2,BHA,SHU,0-1,0,3,1.47,4.55,6.75,218,2,5,0,1,6,1
3,BRE,EVE,1-2,1,2,2.3,3.35,3.15,72,2,5,4,1,10,1
4,BUR,LIV,0-0,1,2,3.8,4.1,1.86,43,2,0,1,4,5,1
5,CHE,MCI,0-1,0,2,2.3,3.85,2.8,211,2,1,2,2,5,1
6,FUL,WOL,0-0,1,3,2.35,3.55,3.0,15,2,3,3,1,7,1
7,LUT,TOT,1-2,1,4,4.05,3.85,1.85,328,2,0,1,4,5,1
8,MUN,ARS,0-0,1,0,2.16,4.05,3.0,262,1,4,2,1,7,1
9,NEW,NOT,1-2,3,2,1.46,4.85,6.25,365,1,2,1,2,5,1
10,WHU,CRY,0-0,1,0,1.88,3.85,3.95,159,1,3,2,1,6,1
1,AST,MUN,1-0,2,0,2.21,3.95,2.95,361,1,1,2,2,5,1
2,BHA,CHE,1-1,1,2,2.21,3.7,3.1,367,2,0,2,1,3,1
3,BRE,LUT,0-1,1,1,1.76,3.75,4.75,118,x,3,3,2,8,0
4,CRY,ARS,1-1,2,4,3.1,3.8,2.18,164,2,2,2,3,7,1
5,FUL,BUR,1-0,3,3,2.0,3.7,3.65,172,x,2,2,1,5,0
6,LIV,SHU,1-1,1,1,1.4,5.25,7.0,261,x,6,3,0,9,0
7,MCI,NEW,0-1,4,1,1.87,4.1,3.75,85,1,4,1,1,6,1
8,NOT,BOU,3-0,4,0,1.99,3.75,3.6,364,1,3,0,1,4,1
9,TOT,WHU,0-2,1,3,1.95,3.85,3.65,142,2,2,1,2,5,1
10,WOL,EVE,0-1,2,1,2.45,3.4,2.95,182,1,4,2,5,11,1
1,AST,CRY,2-0,4,0,1.75,4.05,4.45,1,1,3,0,1,4,1
2,BOU,MCI,0-0,0,3,4.85,4.2,1.66,22,2,1,2,3,6,1
3,BRE,WHU,1-0,2,0,2.6,3.45,2.7,89,1,3,0,4,7,1
4,CHE,SHU,1-0,1,0,1.43,4.75,7.25,350,1,4,0,1,5,1
5,EVE,BUR,2-0,3,1,1.79,3.75,4.55,368,1,4,0,0,4,1
6,LIV,FUL,0-0,3,0,1.48,4.95,6.0,375,1,3,0,0,3,1
7,LUT,WOL,0-0,1,2,2.8,3.45,2.55,36,2,2,2,2,6,1
8,NEW,BHA,1-0,2,0,2.13,3.75,3.25,344,1,1,0,2,3,1
9,NOT,MUN,0-0,0,0,3.7,4.2,1.86,343,x,3,1,3,7,0
10,TOT,ARS,1-0,1,3,2.3,3.85,2.85,209,2,2,0,2,4,1
1,ARS,WOL,2-0,5,0,1.55,4.45,5.75,40,1,2,2,0,4,1
2,AST,BRE,0-2,1,4,1.78,3.8,4.45,325,2,2,0,1,3,1
3,BUR,WHU,1-0,1,0,3.3,3.6,2.16,111,1,3,1,3,7,1
4,CHE,NEW,1-0,2,1,2.07,3.85,3.3,3,1,4,0,0,4,1
5,FUL,LUT,1-2,1,3,1.9,3.75,3.95,340,2,4,1,1,6,1
6,LIV,EVE,1-1,1,3,1.7,4.25,4.5,376,2,0,0,1,1,1
7,MCI,CRY,0-0,1,0,1.52,4.65,5.75,372,1,1,1,0,2,1
8,MUN,BHA,1-0,1,1,2.04,3.95,3.3,174,x,4,3,3,10,0
9,SHU,BOU,0-2,0,3,2.18,3.45,3.35,48,2,2,4,1,7,1
10,TOT,NOT,1-3,2,3,1.48,4.8,6.0,29,2,2,4,1,7,1
1,AST,WOL,1-0,2,1,1.69,4.05,4.85,160,1,2,1,1,4,1
2,BHA,CRY,3-0,5,1,1.71,4.05,4.65,356,1,4,2,1,7,1
3,BRE,NOT,0-3,0,3,1.86,3.8,4.05,125,2,2,0,2,4,1
4,BUR,ARS,0-0,0,0,4.2,3.95,1.8,349,x,2,1,1,4,0
5,CHE,BOU,0-0,1,0,1.41,4.85,7.5,274,1,3,1,0,4,1
6,EVE,LUT,2-0,3,0,1.71,3.85,4.95,165,1,5,3,0,8,1
7,MUN,SHU,1-0,2,0,1.4,5.25,7.25,167,1,5,0,1,6,1
8,NEW,LIV,2-0,3,1,2.05,4.1,3.2,330,1,3,0,2,5,1
9,TOT,MCI,1-0,1,0,2.45,3.9,2.65,281,1,2,1,2,5,1
10,WHU,FUL,1-0,2,0,1.68,4.1,4.8,339,1,3,1,0,4,1
1,AST,EVE,0-0,4,2,1.82,3.8,4.25,98,1,4,1,1,6,1
2,BRE,ARS,0-0,0,2,3.15,3.6,2.21,170,2,2,3,2,7,1
3,CHE,NOT,0-1,0,2,1.44,4.95,6.75,171,2,4,1,2,7,1
4,CRY,BHA,2-2,2,3,2.85,3.65,2.4,91,2,2,3,1,6,1
5,LIV,SHU,4-1,4,1,1.4,5.25,7.0,261,1,6,3,0,9,1
6,LUT,MCI,0-1,0,5,5.0,4.25,1.63,288,2,1,2,4,7,1
7,MUN,FUL,2-0,5,1,1.47,4.9,6.0,122,1,7,0,0,7,1
8,NEW,WHU,0-0,0,2,1.91,3.9,3.75,168,2,2,2,2,6,1
9,TOT,BOU,3-0,3,1,1.45,4.7,7.0,307,1,2,1,0,3,1
10,WOL,BUR,1-0,1,1,1.91,3.65,4.0,9,x,1,2,3,6,0
1,BRE,LIV,1-2,1,3,2.85,3.8,2.3,244,2,2,0,3,5,1
2,BUR,BHA,0-0,0,2,3.8,3.7,1.94,373,2,1,0,2,3,1
3,CRY,LUT,2-0,5,0,1.7,4.0,4.8,44,1,3,1,1,5,1
4,EVE,ARS,2-0,4,1,3.0,3.6,2.3,212,1,1,2,1,4,1
5,FUL,TOT,0-0,1,0,3.25,3.8,2.1,108,1,3,0,5,8,1
6,MCI,MUN,1-0,2,1,1.86,4.3,3.65,139,1,5,3,0,8,1
7,NEW,AST,0-0,0,0,2.05,3.8,3.35,320,x,2,2,2,6,0
8,NOT,BOU,1-1,2,1,1.99,3.75,3.6,364,1,3,0,1,4,1
9,WHU,CHE,0-0,2,2,2.5,3.65,2.7,355,x,1,2,1,4,0
10,WOL,SHU,0-1,1,1,1.89,3.65,4.1,348,x,1,2,1,4,0
1,CHE,AST,1-0,1,0,2.01,3.85,3.5,225,1,4,2,1,7,1
2,CRY,MUN,1-2,1,4,2.9,3.9,2.25,316,2,1,2,1,4,1
3,EVE,LIV,1-1,2,1,2.75,3.8,2.4,308,1,2,1,1,4,1
4,LUT,BHA,1-1,3,4,4.15,3.8,1.85,128,2,3,2,1,6,1
5,NEW,ARS,0-0,1,0,2.25,3.8,2.95,266,1,3,1,3,7,1
6,NOT,FUL,1-0,1,2,2.23,3.75,3.0,272,2,4,1,2,7,1
7,SHU,BUR,1-1,1,1,2.25,3.45,3.2,215,x,0,4,0,4,0
8,TOT,MCI,1-2,1,5,2.45,3.9,2.65,281,2,2,1,2,5,1
9,WHU,BOU,2-0,5,0,1.56,4.25,5.75,358,1,2,1,0,3,1
10,WOL,BRE,0-0,0,0,2.35,3.4,3.05,377,x,0,1,0,1,0
1,ARS,CHE,1-0,1,0,2.03,3.9,3.35,124,1,4,1,1,6,1
2,BOU,AST,0-0,1,0,3.85,3.75,1.93,264,1,2,0,1,3,1
3,BRE,SHU,0-0,1,0,1.83,3.65,4.45,2,1,4,0,0,4,1
4,BUR,LUT,1-0,2,0,2.08,3.55,3.55,256,1,4,0,3,7,1
5,FUL,WHU,0-0,0,0,2.9,3.65,2.35,147,x,1,4,2,7,0
6,LIV,NEW,1-1,2,1,2.07,4.1,3.15,92,1,5,0,1,6,1
7,MCI,NOT,1-2,1,3,1.34,5.75,8.0,94,2,4,1,1,6,1
8,MUN,BHA,0-1,1,1,2.04,3.95,3.3,174,x,4,3,3,10,0
9,TOT,CRY,2-0,3,0,1.71,4.15,4.5,103,1,7,0,0,7,1
10,WOL,EVE,1-0,3,2,2.45,3.4,2.95,182,1,4,2,5,11,1
1,AST,FUL,0-0,1,0,1.58,4.35,5.5,61,1,2,2,1,5,1
2,BOU,ARS,0-0,1,0,4.45,4.0,1.75,143,1,2,2,5,9,1
3,BRE,BUR,0-0,1,0,1.85,3.65,4.35,23,1,3,1,3,7,1
4,LIV,CHE,2-0,4,0,2.12,4.05,3.05,314,1,3,1,1,5,1
5,LUT,MUN,0-1,1,4,4.3,4.15,1.74,93,2,2,1,2,5,1
6,MCI,WHU,1-1,1,2,1.7,4.25,4.5,190,2,1,2,1,4,1
7,NOT,CRY,0-1,0,1,2.55,3.75,2.6,123,2,0,2,2,4,1
8,SHU,EVE,3-2,5,2,2.95,3.4,2.45,57,1,2,1,2,5,1
9,TOT,BHA,2-0,5,0,2.18,3.75,3.15,8,1,4,1,2,7,1
10,WOL,NEW,0-1,1,1,3.1,3.65,2.22,238,x,1,3,0,4,0
1,ARS,FUL,2-0,3,1,1.45,4.85,6.5,0,1,5,0,1,6,1
2,AST,MCI,0-0,1,3,2.5,3.8,2.6,10,2,3,2,2,7,1
3,CHE,WOL,1-0,2,0,1.6,4.25,5.5,53,1,3,4,0,7,1
4,EVE,BRE,0-1,1,1,2.18,3.4,3.45,259,x,3,1,1,5,0
5,LIV,BOU,1-0,3,0,1.38,5.25,7.5,279,1,5,0,2,7,1
6,LUT,TOT,0-2,0,2,4.05,3.85,1.85,328,2,0,1,4,5,1
7,MUN,BUR,1-0,3,0,1.41,5.0,7.0,319,1,6,0,0,6,1
8,NOT,BHA,1-0,1,0,3.6,3.85,1.97,252,1,1,2,1,4,1
9,SHU,NEW,3-1,4,2,3.95,3.8,1.89,131,1,1,0,5,6,1
10,WHU,CRY,0-1,3,1,1.88,3.85,3.95,159,1,3,2,1,6,1
1,BOU,EVE,1-1,1,2,3.0,3.4,2.4,154,2,0,2,2,4,1
2,BRE,FUL,1-0,1,0,1.96,3.65,3.85,187,1,1,3,0,4,1
3,LIV,BHA,2-1,2,2,2.07,4.0,3.15,232,x,4,3,1,8,0
4,LUT,ARS,0-2,0,4,4.6,4.05,1.71,156,2,2,2,1,5,1
5,MCI,SHU,1-0,1,0,1.33,5.5,8.75,298,1,4,2,0,6,1
6,MUN,AST,2-1,2,1,1.97,4.05,3.45,191,1,2,1,4,7,1
7,NEW,CHE,0-2,0,3,2.18,3.8,3.1,353,2,1,2,1,4,1
8,NOT,BUR,2-0,4,0,2.06,3.75,3.4,180,1,3,2,1,6,1
9,TOT,WHU,2-1,7,1,1.95,3.85,3.65,142,1,2,1,2,5,1
10,WOL,CRY,2-0,5,0,2.3,3.55,3.0,69,1,5,2,1,8,1
1,ARS,MUN,0-1,1,4,1.97,4.15,3.35,97,2,2,0,1,3,1
2,BHA,WOL,1-0,4,0,1.65,4.05,5.0,116,1,4,0,0,4,1
3,BUR,CHE,0-0,0,0,4.0,3.8,1.88,64,x,0,3,5,8,0
4,EVE,FUL,0-0,2,2,1.9,3.7,4.0,326,x,3,1,1,5,0
5,LUT,LIV,1-0,1,0,4.15,4.2,1.76,236,1,2,0,2,4,1
6,MCI,BRE,2-0,3,1,1.55,4.4,5.75,309,1,4,0,2,6,1
7,NEW,BOU,1-0,1,0,1.43,4.75,7.25,247,1,4,0,1,5,1
8,NOT,WHU,1-0,2,0,3.1,3.75,2.19,267,1,3,1,1,5,1
9,SHU,CRY,0-1,1,2,2.85,3.5,2.45,175,2,1,2,2,5,1
10,TOT,AST,1-0,2,0,2.1,3.8,3.25,254,1,1,2,2,5,1
1,ARS,TOT,0-1,1,2,1.93,4.0,3.6,70,2,3,0,2,5,1
2,AST,NOT,2-0,4,0,1.51,4.65,6.0,321,1,3,0,0,3,1
3,BOU,CHE,0-1,0,3,4.2,3.85,1.82,88,2,2,2,5,9,1
4,BRE,CRY,0-0,0,1,2.21,3.5,3.25,285,2,2,1,3,6,1
5,BUR,WHU,1-3,2,5,3.3,3.6,2.16,111,2,3,1,3,7,1
6,EVE,MCI,1-1,3,1,3.25,3.7,2.14,34,1,3,2,3,8,1
7,LIV,MUN,1-0,1,1,2.07,4.3,3.05,148,x,0,2,3,5,0
8,LUT,WOL,1-1,1,2,2.8,3.45,2.55,36,2,2,2,2,6,1
9,NEW,FUL,0-0,0,1,1.53,4.5,5.75,27,2,5,1,2,8,1
10,SHU,BHA,0-1,0,2,3.95,3.7,1.92,17,2,1,1,3,5,1
1,ARS,AST,2-1,2,1,1.92,3.95,3.65,87,1,2,2,3,7,1
2,BHA,NEW,0-0,3,0,2.15,3.75,3.2,253,1,2,1,2,5,1
3,BRE,MUN,0-1,1,2,2.95,3.7,2.3,351,2,1,1,3,5,1
4,BUR,FUL,0-0,0,1,2.4,3.55,2.9,73,2,1,4,1,6,1
5,CRY,CHE,0-0,3,1,2.95,3.7,2.3,234,1,2,0,2,4,1
6,EVE,LUT,1-0,2,0,1.71,3.85,4.95,165,1,5,3,0,8,1
7,MCI,BOU,3-0,4,2,1.32,5.5,9.25,363,1,3,0,1,4,1
8,NOT,WOL,2-1,2,2,2.45,3.65,2.8,318,x,1,1,2,4,0
9,SHU,TOT,0-0,1,0,3.8,3.8,1.93,181,1,2,0,3,5,1
10,WHU,LIV,3-0,5,1,2.35,3.95,2.75,68,1,5,0,2,7,1
1,AST,MUN,1-0,1,1,2.21,3.95,2.95,361,x,1,2,2,5,0
2,BHA,LUT,3-0,4,0,1.43,4.75,7.25,105,1,7,1,0,8,1
3,BOU,TOT,1-0,2,0,3.9,3.8,1.89,32,1,3,1,3,7,1
4,CRY,WHU,1-0,3,0,2.5,3.6,2.7,219,1,4,1,1,6,1
5,EVE,CHE,0-1,0,2,2.9,3.55,2.4,14,2,1,1,3,5,1
6,FUL,SHU,2-0,3,0,1.97,3.65,3.75,296,1,1,0,2,3,1
7,LIV,BRE,0-0,1,0,1.67,4.25,4.7,208,1,3,1,0,4,1
8,MCI,NEW,3-0,5,0,1.87,4.1,3.75,85,1,4,1,1,6,1
9,NOT,BUR,2-0,3,1,2.06,3.75,3.4,180,1,3,2,1,6,1
10,WOL,ARS,0-0,0,1,3.35,3.75,2.07,305,2,2,1,2,5,1
1,AST,ARS,1-1,1,1,2.35,3.75,2.8,335,x,1,2,1,4,0
2,BRE,WHU,0-3,0,4,2.6,3.45,2.7,89,2,3,0,4,7,1
3,BUR,CHE,1-0,1,1,4.0,3.8,1.88,64,x,0,3,5,8,0
4,EVE,WOL,0-0,0,0,2.04,3.5,3.65,323,x,2,1,1,4,0
5,FUL,MUN,0-0,0,2,3.45,4.0,1.97,195,2,0,2,3,5,1
6,LIV,SHU,0-1,5,2,1.4,5.25,7.0,261,1,6,3,0,9,1
7,LUT,CRY,0-0,0,0,2.95,3.55,2.35,149,x,2,3,1,6,0
8,MCI,BOU,1-0,1,0,1.32,5.5,9.25,363,1,3,0,1,4,1
9,NEW,NOT,1-1,1,2,1.46,4.85,6.25,365,2,2,1,2,5,1
10,TOT,BHA,3-0,3,2,2.18,3.75,3.15,8,1,4,1,2,7,1
1,ARS,EVE,0-1,2,1,1.66,4.1,4.95,248,1,3,0,1,4,1
2,BRE,WOL,0-0,1,1,2.12,3.45,3.5,282,x,5,2,2,9,0
3,BUR,MUN,2-0,2,1,3.95,4.05,1.84,273,1,1,2,3,6,1
4,CHE,SHU,1-0,3,1,1.43,4.75,7.25,350,1,4,0,1,5,1
5,CRY,AST,0-0,3,0,2.75,3.65,2.45,334,1,3,0,1,4,1
6,FUL,BHA,0-0,1,2,3.4,3.7,2.08,260,2,3,1,3,7,1
7,LIV,BOU,3-0,3,1,1.38,5.25,7.5,279,1,5,0,2,7,1
8,MCI,LUT,2-1,2,1,1.3,5.75,9.5,55,1,6,0,0,6,1
9,TOT,NOT,1-1,3,3,1.48,4.8,6.0,29,x,2,4,1,7,0
10,WHU,NEW,0-1,0,1,2.4,3.7,2.75,39,2,1,1,2,4,1
1,ARS,CHE,0-1,1,1,2.03,3.9,3.35,124,x,4,1,1,6,0
2,CRY,LIV,1-1,2,3,2.8,3.95,2.3,249,2,2,0,2,4,1
3,EVE,BUR,0-1,2,1,1.79,3.75,4.55,368,1,4,0,0,4,1
4,FUL,BRE,0-0,1,0,2.5,3.45,2.8,35,1,2,3,1,6,1
5,LUT,BOU,0-0,0,1,2.25,3.45,3.2,302,2,2,1,2,5,1
6,MCI,NOT,2-0,6,0,1.34,5.75,8.0,94,1,4,1,1,6,1
7,MUN,WOL,0-0,0,0,1.57,4.5,5.5,26,x,6,1,1,8,0
8,NEW,TOT,1-1,2,1,2.06,3.85,3.3,310,1,2,2,0,4,1
9,SHU,AST,1-0,1,0,3.75,3.7,1.96,158,1,3,0,3,6,1
10,WHU,BHA,0-0,0,0,2.45,3.6,2.8,59,x,2,2,3,7,0
1,ARS,LUT,3-0,4,1,1.35,5.25,8.5,20,1,6,1,0,7,1
2,BHA,NOT,1-0,1,0,1.48,4.7,6.25,62,1,4,3,1,8,1
3,BUR,LIV,0-2,0,3,3.8,4.1,1.86,43,2,0,1,4,5,1
4,CHE,FUL,0-2,0,3,1.5,4.6,6.0,206,2,3,0,1,4,1
5,CRY,BOU,0-0,0,0,1.74,3.9,4.65,126,x,3,3,1,7,0
6,NEW,BRE,0-0,3,0,1.72,3.95,4.75,102,1,3,2,0,5,1
7,SHU,MCI,0-0,0,1,4.7,4.15,1.69,315,2,1,2,3,6,1
8,TOT,MUN,1-0,1,0,2.17,4.0,3.0,58,1,5,0,1,6,1
9,WHU,EVE,2-0,2,0,1.96,3.65,3.8,347,1,4,0,1,5,1
10,WOL,AST,2-0,2,1,3.0,3.6,2.3,289,1,1,2,1,4,1
1,ARS,CRY,0-0,0,0,1.59,4.4,5.25,50,x,3,3,0,6,0
2,AST,TOT,0-1,0,1,2.15,3.8,3.15,270,2,3,2,3,8,1
3,BOU,BUR,2-1,4,1,2.3,3.45,3.1,329,1,4,0,0,4,1
4,BRE,MUN,1-1,2,1,2.95,3.7,2.3,351,1,1,1,3,5,1
5,EVE,BHA,1-0,2,1,2.8,3.45,2.5,146,1,3,0,0,3,1
6,FUL,LUT,2-1,5,2,1.9,3.75,3.95,340,1,4,1,1,6,1
7,NEW,CHE,0-0,2,2,2.18,3.8,3.1,353,x,1,2,1,4,0
8,NOT,SHU,1-1,2,1,2.03,3.7,3.5,38,1,7,0,2,9,1
9,WHU,LIV,2-1,5,2,2.35,3.95,2.75,68,1,5,0,2,7,1
10,WOL,MCI,1-1,3,2,3.65,3.85,1.96,312,1,1,2,0,3,1
1,AST,MUN,0-1,1,2,2.21,3.95,2.95,361,2,1,2,2,5,1
2,BOU,ARS,0-2,0,3,4.45,4.0,1.75,143,2,2,2,5,9,1
3,BRE,WOL,0-2,0,3,2.12,3.45,3.5,282,2,5,2,2,9,1
4,CRY,BUR,1-1,2,1,1.79,3.85,4.35,13,1,4,3,2,9,1
5,EVE,MCI,1-1,2,5,3.25,3.7,2.14,34,2,3,2,3,8,1
6,LIV,NEW,1-0,2,0,2.07,4.1,3.15,92,1,5,0,1,6,1
7,LUT,WHU,0-1,0,1,3.55,3.65,2.04,5,2,1,1,5,7,1
8,NOT,CHE,0-0,0,0,3.75,4.0,1.9,371,x,1,1,0,2,0
9,SHU,FUL,1-1,2,3,2.45,3.5,2.85,95,2,1,1,2,4,1
10,TOT,BHA,1-0,1,1,2.18,3.75,3.15,8,x,4,1,2,7,0
1,ARS,LUT,1-0,2,1,1.35,5.25,8.5,20,1,6,1,0,7,1
2,AST,TOT,0-1,0,1,2.15,3.8,3.15,270,2,3,2,3,8,1
3,BRE,BUR,0-1,0,1,1.85,3.65,4.35,23,2,3,1,3,7,1
4,CRY,BOU,0-1,4,3,1.74,3.9,4.65,126,1,3,3,1,7,1
5,EVE,SHU,0-1,1,3,1.77,3.75,4.7,327,2,2,0,2,4,1
6,MCI,LIV,1-0,3,3,1.8,4.4,3.8,6,x,3,2,0,5,0
7,MUN,CHE,1-1,4,1,2.09,4.0,3.15,331,1,2,1,1,4,1
8,NEW,NOT,3-2,5,5,1.46,4.85,6.25,365,x,2,1,2,5,0
9,WHU,BHA,0-1,1,3,2.45,3.6,2.8,59,2,2,2,3,7,1
10,WOL,FUL,2-0,2,1,2.04,3.65,3.55,203,1,2,1,1,4,1
1,AST,ARS,2-0,2,1,2.35,3.75,2.8,335,1,1,2,1,4,1
2,BRE,LUT,1-0,2,1,1.76,3.75,4.75,118,1,3,3,2,8,1
3,BUR,BOU,0-0,1,0,2.13,3.5,3.45,370,1,2,0,2,4,1
4,CHE,WHU,0-0,3,1,1.87,3.9,3.9,201,1,3,0,1,4,1
5,CRY,BHA,0-0,0,0,2.85,3.65,2.4,91,x,2,3,1,6,0
6,EVE,WOL,0-0,1,3,2.04,3.5,3.65,323,2,2,1,1,4,1
7,LIV,FUL,1-0,2,1,1.48,4.95,6.0,375,1,3,0,0,3,1
8,MCI,MUN,2-0,3,2,1.86,4.3,3.65,139,1,5,3,0,8,1
9,NOT,SHU,1-0,3,0,2.03,3.7,3.5,38,1,7,0,2,9,1
10,TOT,NEW,2-2,4,3,2.17,3.8,3.1,151,1,4,2,0,6,1
1,AST,TOT,0-0,0,2,2.15,3.8,3.15,270,2,3,2,3,8,1
2,BHA,LIV,0-0,1,0,2.08,4.0,3.15,161,1,4,1,2,7,1
3,BOU,BRE,0-0,0,0,2.9,3.35,2.5,63,x,1,2,5,8,0
4,BUR,SHU,0-0,1,0,2.17,3.5,3.35,145,1,2,2,1,5,1
5,CHE,EVE,0-2,1,3,1.73,3.95,4.65,136,2,5,0,2,7,1
6,CRY,ARS,3-2,3,3,3.1,3.8,2.18,164,x,2,2,3,7,0
7,LUT,MCI,0-0,1,1,5.0,4.25,1.63,288,x,1,2,4,7,0
8,MUN,NOT,2-0,2,0,1.41,5.25,6.75,7,1,7,0,0,7,1
9,NEW,FUL,0-0,3,0,1.53,4.5,5.75,27,1,5,1,2,8,1
10,WOL,WHU,1-0,1,1,2.7,3.55,2.55,133,x,0,1,5,6,0
1,ARS,BHA,0-0,1,0,1.99,3.85,3.5,134,1,2,1,1,4,1
2,BOU,BUR,0-0,1,0,2.3,3.45,3.1,329,1,4,0,0,4,1
3,BRE,WOL,1-0,1,0,2.12,3.45,3.5,282,1,5,2,2,9,1
4,CHE,LIV,0-1,0,2,2.0,4.15,3.3,24,2,2,1,1,4,1
5,FUL,EVE,1-0,2,2,2.6,3.5,2.7,338,x,0,2,0,2,0
6,MCI,LUT,1-1,3,1,1.3,5.75,9.5,55,1,6,0,0,6,1
7,MUN,CRY,0-0,1,0,1.62,4.45,4.85,37,1,3,3,0,6,1
8,NEW,NOT,0-0,1,0,1.46,4.85,6.25,365,1,2,1,2,5,1
9,TOT,SHU,1-0,1,0,1.47,4.65,6.5,86,1,4,1,1,6,1
10,WHU,AST,0-0,1,1,2.35,3.65,2.9,79,x,4,4,0,8,0
1,BHA,AST,1-1,3,2,2.08,3.75,3.35,193,1,6,1,3,10,1
2,BRE,WHU,0-1,1,3,2.6,3.45,2.7,89,2,3,0,4,7,1
3,BUR,MUN,1-1,2,2,3.95,4.05,1.84,273,x,1,2,3,6,0
4,CHE,BOU,0-0,0,0,1.41,4.85,7.5,274,x,3,1,0,4,0
5,CRY,TOT,1-0,2,1,2.8,3.7,2.4,258,1,1,2,2,5,1
6,FUL,MCI,0-0,0,1,4.0,4.1,1.81,265,2,2,1,1,4,1
7,LIV,ARS,2-0,4,0,2.2,4.1,2.9,121,1,1,4,0,5,1
8,NEW,WOL,1-0,2,0,1.63,4.15,5.25,140,1,5,1,2,8,1
9,NOT,LUT,0-0,1,2,1.95,3.8,3.7,185,2,3,2,3,8,1
10,SHU,EVE,0-0,0,0,2.95,3.4,2.45,57,x,2,1,2,5,0
1,ARS,NEW,1-0,1,0,1.98,3.95,3.5,228,1,3,0,2,5,1
2,BHA,BRE,0-0,1,0,1.75,3.85,4.7,354,1,2,0,1,3,1
3,BOU,WOL,1-1,3,1,2.7,3.4,2.6,257,1,1,1,1,3,1
4,CHE,LUT,1-0,2,1,1.39,5.0,7.75,100,1,5,1,1,7,1
5,CRY,SHU,0-2,3,2,1.77,3.85,4.5,207,1,3,3,0,6,1
6,EVE,AST,0-0,1,0,2.7,3.5,2.55,220,1,3,1,3,7,1
7,FUL,BUR,3-1,3,1,2.0,3.7,3.65,172,1,2,2,1,5,1
8,LIV,WHU,1-2,1,4,1.85,4.2,3.75,241,2,0,0,3,3,1
9,NOT,MUN,1-0,4,0,3.7,4.2,1.86,343,1,3,1,3,7,1
10,TOT,MCI,1-3,2,4,2.45,3.9,2.65,281,2,2,1,2,5,1
1,ARS,WHU,1-2,2,2,1.79,4.05,4.15,366,x,1,1,1,3,0
2,AST,MCI,2-0,2,0,2.5,3.8,2.6,10,1,3,2,2,7,1
3,BHA,CHE,0-0,1,1,2.21,3.7,3.1,367,x,0,2,1,3,0
4,BUR,TOT,0-2,1,2,3.7,3.8,1.95,162,2,3,1,3,7,1
5,CRY,FUL,2-1,4,3,1.9,3.85,3.85,137,1,2,1,3,6,1
6,EVE,LUT,1-0,1,0,1.71,3.85,4.95,165,1,5,3,0,8,1
7,LIV,WOL,0-1,2,2,1.58,4.55,5.25,362,x,4,1,0,5,0
8,MUN,BRE,3-2,3,2,1.65,4.2,4.9,157,1,3,0,2,5,1
9,NEW,SHU,2-0,2,1,1.45,4.65,7.0,109,1,2,2,2,6,1
10,NOT,BOU,0-2,1,3,1.99,3.75,3.6,364,2,3,0,1,4,1
1,AST,TOT,0-0,0,0,2.15,3.8,3.15,270,x,3,2,3,8,0
2,BOU,BRE,0-0,1,1,2.9,3.35,2.5,63,x,1,2,5,8,0
3,BUR,BHA,1-0,2,1,3.8,3.7,1.94,373,1,1,0,2,3,1
4,CHE,NOT,1-0,1,0,1.44,4.95,6.75,171,1,4,1,2,7,1
5,EVE,WHU,0-0,2,0,2.5,3.5,2.8,287,1,2,2,0,4,1
6,LIV,CRY,1-0,4,1,1.63,4.5,4.7,213,1,6,2,0,8,1
7,LUT,FUL,0-0,1,0,2.55,3.5,2.7,283,1,2,1,1,4,1
8,MUN,NEW,0-0,1,1,2.04,4.05,3.25,251,x,0,2,2,4,0
9,SHU,ARS,0-0,0,0,4.35,3.95,1.78,186,x,2,1,0,3,0
10,WOL,MCI,0-0,0,0,3.65,3.85,1.96,312,x,1,2,0,3,0
1,BHA,MUN,1-1,1,1,2.14,3.9,3.1,243,x,2,1,0,3,0
2,BUR,MCI,0-0,1,3,4.55,4.15,1.71,271,2,0,0,4,4,1
3,CHE,AST,0-1,2,1,2.01,3.85,3.5,225,1,4,2,1,7,1
4,CRY,ARS,0-0,0,1,3.1,3.8,2.18,164,2,2,2,3,7,1
5,LIV,FUL,0-0,3,1,1.48,4.95,6.0,375,1,3,0,0,3,1
6,NEW,LUT,2-1,4,2,1.41,4.9,7.5,324,1,3,2,0,5,1
7,SHU,NOT,1-0,1,1,2.3,3.65,3.0,141,x,1,2,2,5,0
8,TOT,BOU,0-0,1,0,1.45,4.7,7.0,307,1,2,1,0,3,1
9,WHU,BRE,2-0,3,0,1.91,3.65,4.0,49,1,6,1,1,8,1
10,WOL,EVE,1-3,2,3,2.45,3.4,2.95,182,2,4,2,5,11,1
1,ARS,FUL,1-1,2,3,1.45,4.85,6.5,0,2,5,0,1,6,1
2,AST,SHU,2-0,7,3,1.49,4.5,6.5,290,1,5,0,0,5,1
3,BOU,CHE,0-0,0,1,4.2,3.85,1.82,88,2,2,2,5,9,1
4,BRE,WOL,1-0,1,0,2.12,3.45,3.5,282,1,5,2,2,9,1
5,CRY,NOT,0-0,0,0,1.8,4.05,4.1,303,x,2,1,1,4,0
6,LUT,BHA,0-0,1,1,4.15,3.8,1.85,128,x,3,2,1,6,0
7,MCI,EVE,0-1,4,2,1.58,4.35,5.5,246,1,2,1,0,3,1
8,MUN,BUR,0-1,4,2,1.41,5.0,7.0,319,1,6,0,0,6,1
9,NEW,LIV,0-0,0,1,2.05,4.1,3.2,330,2,3,0,2,5,1
10,WHU,TOT,0-0,1,1,2.35,3.7,2.85,292,x,1,4,2,7,0
1,BOU,SHU,2-1,3,1,2.25,3.45,3.2,117,1,1,0,2,3,1
2,BRE,EVE,0-0,0,0,2.3,3.35,3.15,72,x,5,4,1,10,0
3,BUR,LUT,1-0,2,0,2.08,3.55,3.55,256,1,4,0,3,7,1
4,CRY,AST,0-0,2,0,2.75,3.65,2.45,334,1,3,0,1,4,1
5,LIV,BHA,1-0,1,1,2.07,4.0,3.15,232,x,4,3,1,8,0
6,MUN,MCI,0-0,2,0,2.3,4.05,2.75,46,1,1,2,2,5,1
7,NEW,ARS,1-0,1,0,2.25,3.8,2.95,266,1,3,1,3,7,1
8,NOT,FUL,0-0,4,0,2.23,3.75,3.0,272,1,4,1,2,7,1
9,WHU,CHE,0-1,1,3,2.5,3.65,2.7,355,2,1,2,1,4,1
10,WOL,TOT,0-1,0,1,3.0,3.65,2.3,216,2,2,1,4,7,1
1,ARS,BUR,0-0,1,1,1.4,5.0,7.5,80,x,1,1,0,2,0
2,CHE,EVE,0-1,0,2,1.73,3.95,4.65,136,2,5,0,2,7,1
3,FUL,BOU,0-1,0,1,1.94,3.7,3.85,250,2,2,2,2,6,1
4,LIV,MUN,0-1,1,2,2.07,4.3,3.05,148,2,0,2,3,5,1
5,LUT,MCI,0-3,1,4,5.0,4.25,1.63,288,2,1,2,4,7,1
6,NEW,AST,1-2,1,2,2.05,3.8,3.35,320,2,2,2,2,6,1
7,NOT,BHA,0-0,0,0,3.6,3.85,1.97,252,x,1,2,1,4,0
8,TOT,BRE,1-0,2,0,1.75,3.9,4.55,224,1,3,0,1,4,1
9,WHU,CRY,1-0,1,1,1.88,3.85,3.95,159,x,3,2,1,6,0
10,WOL,SHU,0-0,1,1,1.89,3.65,4.1,348,x,1,2,1,4,0
1,BHA,LUT,1-0,1,1,1.43,4.75,7.25,105,x,7,1,0,8,0
2,BUR,ARS,2-0,2,0,4.2,3.95,1.8,349,1,2,1,1,4,1
3,CHE,BRE,0-1,2,1,1.69,4.0,4.9,163,1,5,1,0,6,1
4,EVE,AST,0-0,2,0,2.7,3.5,2.55,220,1,3,1,3,7,1
5,LIV,CRY,0-1,2,2,1.63,4.5,4.7,213,x,6,2,0,8,0
6,MCI,BOU,2-0,3,0,1.32,5.5,9.25,363,1,3,0,1,4,1
7,NEW,MUN,2-0,2,0,2.12,4.0,3.1,77,1,2,2,2,6,1
8,NOT,TOT,0-3,1,6,3.45,3.95,1.98,202,2,0,3,1,4,1
9,SHU,WOL,0-0,1,2,2.65,3.4,2.65,277,2,2,1,1,4,1
10,WHU,FUL,1-0,2,0,2.35,3.7,2.85,339,1,3,1,0,4,1
