game_no,Home_team,Away_team,half_time_score,home_score,away_score,home_odds,draw_odds,away_odds,outcome,home_wins,draws_no,away_wins,game_count,game_id
1,AST,BOU,0-1,1,2,1.47,4.55,6.75,2,2,0,1,3,0
2,AST,CRY,1-1,3,2,1.75,4.05,4.45,1,2,0,0,2,1
3,ARS,BHA,0-1,1,2,1.99,3.85,3.5,2,4,0,2,6,2
4,BHA,BUR,2-0,2,0,1.48,4.5,6.5,1,2,0,0,2,3
5,BHA,NOT,0-2,0,3,1.48,4.7,6.25,2,1,1,1,3,4
6,AST,CHE,0-2,1,3,2.3,3.75,2.95,2,1,0,1,2,5
7,ARS,FUL,2-0,3,1,1.45,4.85,6.5,1,1,1,0,2,6
8,AST,FUL,1-0,3,2,1.58,4.35,5.5,1,1,0,0,1,7
9,ARS,LUT,4-0,6,2,1.35,5.25,8.5,1,1,0,0,1,8
10,BHA,BRE,1-1,2,1,1.75,3.85,4.7,1,1,2,1,4,9
1,BHA,WOL,0-1,1,1,1.65,4.05,5.0,x,0,3,0,3,10
2,ARS,SHU,0-0,0,0,1.39,5.0,7.75,x,2,1,0,3,11
3,ARS,WHU,0-1,1,1,1.79,4.05,4.15,x,0,1,0,1,12
4,ARS,NEW,2-0,2,0,1.98,3.95,3.5,1,2,0,1,3,13
5,ARS,SHU,2-0,3,0,1.39,5.0,7.75,1,2,1,0,3,11
6,ARS,BUR,1-0,3,0,1.4,5.0,7.5,1,1,0,0,1,14
7,ARS,FUL,0-0,0,0,1.45,4.85,6.5,x,1,1,0,2,6
8,AST,NOT,0-1,1,3,1.51,4.65,6.0,2,2,0,1,3,15
9,ARS,BHA,3-0,5,0,1.99,3.85,3.5,1,4,0,2,6,2
10,ARS,MCI,1-2,2,4,2.2,3.95,2.95,2,1,1,1,3,16
1,ARS,WOL,0-0,2,0,1.55,4.45,5.75,1,1,0,0,1,17
2,BOU,MCI,1-0,1,2,4.85,4.2,1.66,2,1,1,2,4,18
3,ARS,MCI,1-1,2,1,2.2,3.95,2.95,1,1,1,1,3,16
4,ARS,AST,0-3,1,3,1.92,3.95,3.65,2,1,0,1,2,19
5,AST,MUN,2-1,4,2,2.21,3.95,2.95,1,2,0,0,2,20
6,ARS,MCI,1-1,1,1,2.2,3.95,2.95,x,1,1,1,3,16
7,ARS,BHA,1-0,1,0,1.99,3.85,3.5,1,4,0,2,6,2
8,AST,TOT,0-1,1,1,2.15,3.8,3.15,x,1,1,1,3,21
9,BOU,CHE,1-2,1,3,4.2,3.85,1.82,2,1,0,1,2,22
10,BHA,LUT,0-1,2,2,1.43,4.75,7.25,x,2,1,0,3,23
1,ARS,NOT,3-1,3,1,1.39,5.25,7.25,1,2,0,0,2,24
2,BHA,AST,0-2,1,3,2.08,3.75,3.35,2,1,0,1,2,25
3,AST,BUR,1-0,2,0,1.51,4.45,6.25,1,1,0,0,1,26
4,BHA,BRE,0-0,0,0,1.75,3.85,4.7,x,1,2,1,4,9
5,BHA,ARS,0-0,0,1,2.3,3.75,2.95,2,2,0,1,3,27
6,ARS,BHA,0-0,1,0,1.99,3.85,3.5,1,4,0,2,6,2
7,AST,BRE,0-0,0,0,2.14,4.05,3.05,x,2,2,0,4,28
8,ARS,BHA,0-0,1,3,1.99,3.85,3.5,2,4,0,2,6,2
9,ARS,LIV,0-1,1,1,1.91,4.25,3.5,x,1,1,0,2,29
10,BOU,MUN,3-2,3,3,4.15,4.1,1.78,x,0,1,0,1,30
1,AST,BOU,1-1,3,1,1.47,4.55,6.75,1,2,0,1,3,0
2,BHA,CHE,1-0,3,1,2.21,3.7,3.1,1,1,0,0,1,31
3,AST,ARS,0-0,1,2,2.25,3.45,3.20,2,2,0,2,4,32
4,BOU,LUT,1-0,3,1,2.17,3.5,3.35,1,3,0,0,3,33
5,ARS,BOU,1-0,1,0,1.37,5.25,8.25,1,1,0,0,1,34
6,ARS,CRY,1-0,1,1,1.99,3.85,3.5,x,0,2,0,2,35
7,ARS,CRY,1-0,1,1,1.59,4.4,5.25,x,0,2,0,2,35
8,BHA,WHU,1-0,1,0,1.94,3.8,3.75,1,2,0,1,3,36
9,AST,ARS,1-0,2,1,2.25,3.45,3.20,1,2,0,2,4,32
10,BHA,SHU,1-1,2,1,1.47,4.55,6.75,1,2,0,0,2,37
1,AST,LUT,1-0,1,1,1.35,5.25,8.5,x,1,1,1,3,38
2,BHA,WOL,0-1,2,2,1.59,4.4,5.25,x,0,3,0,3,10
3,AST,LIV,1-1,1,1,2.14,4.05,3.05,x,1,2,0,3,39
4,ARS,EVE,0-0,2,3,1.66,4.1,4.95,2,0,1,2,3,40
5,AST,BRE,0-0,0,0,1.78,3.8,4.45,x,2,2,0,4,28
6,ARS,MUN,3-1,3,4,1.99,3.85,3.5,2,0,0,1,1,41
7,AST,ARS,0-3,1,3,2.25,3.45,3.20,2,2,0,2,4,32
8,ARS,NOT,3-0,4,0,1.91,4.25,3.5,1,2,0,0,2,24
9,AST,LIV,0-0,0,0,2.14,4.05,3.05,x,1,2,0,3,39
10,ARS,CHE,3-0,4,1,2.03,3.9,3.35,1,1,0,1,2,42
1,BHA,FUL,1-1,2,3,1.39,5.25,7.25,2,0,1,1,2,43
2,BHA,ARS,1-0,2,0,1.55,4.4,5.75,1,2,0,1,3,27
3,ARS,BHA,2-0,3,1,1.99,3.85,3.5,1,4,0,2,6,2
4,BHA,ARS,1-0,2,0,2.3,3.75,2.95,1,2,0,1,3,27
5,ARS,NEW,1-0,2,3,1.98,3.95,3.5,2,2,0,1,3,13
6,AST,BRE,1-1,2,1,1.78,3.8,4.45,1,2,2,0,4,28
7,ARS,NEW,1-1,3,1,1.98,3.95,3.5,1,2,0,1,3,13
8,AST,CHE,1-0,2,0,2.3,3.75,2.95,1,1,0,1,2,5
9,ARS,CHE,0-1,1,3,2.21,3.7,3.1,2,1,0,1,2,42
10,ARS,TOT,1-2,2,3,1.93,4.0,3.6,2,1,0,2,3,44
1,ARS,SHU,2-0,4,1,1.39,5.0,7.75,1,2,1,0,3,11
2,ARS,EVE,0-0,0,0,1.66,4.1,4.95,x,0,1,2,3,40
3,ARS,TOT,1-1,3,2,1.93,4.0,3.6,1,1,0,2,3,44
4,ARS,EVE,0-1,0,3,1.66,4.1,4.95,2,0,1,2,3,40
5,BHA,CRY,0-0,2,0,1.71,4.05,4.65,1,2,0,0,2,45
6,AST,BOU,2-0,5,2,1.47,4.55,6.75,1,2,0,1,3,0
7,BOU,LIV,0-0,0,4,4.05,4.15,1.8,2,1,0,1,2,46
8,AST,SHU,0-1,2,2,1.49,4.5,6.5,x,1,1,0,2,47
9,BOU,AST,0-0,0,0,3.85,3.75,1.93,x,0,2,0,2,48
10,BRE,LUT,1-1,3,2,1.76,3.75,4.75,1,1,0,1,2,49
1,BOU,ARS,0-1,0,1,4.45,4.0,1.75,2,0,0,2,2,50
2,AST,EVE,0-0,2,0,1.82,3.8,4.25,1,1,0,0,1,51
3,BRE,SHU,0-0,1,1,1.83,3.65,4.45,x,1,2,1,4,52
4,CHE,FUL,2-2,3,4,1.5,4.6,6.0,2,0,1,2,3,53
5,BRE,CHE,1-0,1,0,3.0,3.55,2.3,1,1,0,1,2,54
6,BHA,EVE,2-1,3,2,1.78,3.8,4.45,1,2,0,0,2,55
7,BHA,EVE,2-1,3,2,2.21,3.5,3.25,1,2,0,0,2,55
8,BHA,MCI,0-2,1,2,2.4,3.8,2.75,2,0,0,1,1,56
9,CHE,ARS,0-0,0,3,2.19,3.85,3.05,2,1,0,3,4,57
10,BHA,BRE,2-1,2,2,1.75,3.85,4.7,x,1,2,1,4,9
1,BHA,AST,0-0,2,0,2.08,3.75,3.35,1,1,0,1,2,25
2,CRY,BOU,1-2,2,3,1.74,3.9,4.65,2,0,0,1,1,58
3,BOU,LIV,1-1,2,1,4.05,4.15,1.8,1,1,0,1,2,46
4,BOU,TOT,0-0,0,1,3.9,3.8,1.89,2,0,0,2,2,59
5,BHA,NOT,0-1,2,2,1.48,4.7,6.25,x,1,1,1,3,4
6,BOU,LUT,0-0,2,0,2.17,3.5,3.35,1,3,0,0,3,33
7,BHA,NEW,1-1,1,1,2.15,3.75,3.2,x,0,1,2,3,60
8,BHA,BUR,1-0,2,0,1.48,4.5,6.5,1,2,0,0,2,3
9,BRE,MUN,0-2,2,2,2.95,3.7,2.3,x,2,2,1,5,61
10,AST,TOT,0-1,1,2,2.15,3.8,3.15,2,1,1,1,3,21
1,BHA,TOT,0-0,0,1,2.5,3.8,2.6,2,1,0,1,2,62
2,BOU,CHE,2-1,4,2,4.2,3.85,1.82,1,1,0,1,2,22
3,BOU,WOL,1-1,2,1,2.7,3.4,2.6,1,1,2,0,3,63
4,AST,BHA,0-0,1,1,3.9,3.8,1.89,x,0,3,0,3,64
5,BHA,WHU,0-1,0,2,1.94,3.8,3.75,2,2,0,1,3,36
6,BOU,TOT,0-0,0,2,3.9,3.8,1.89,2,0,0,2,2,59
7,BRE,WHU,0-2,2,2,2.6,3.45,2.7,x,0,1,2,3,65
8,BRE,SHU,0-0,0,0,1.83,3.65,4.45,x,1,2,1,4,52
9,BUR,BOU,0-0,0,0,2.3,3.75,2.95,x,0,1,1,2,66
10,BRE,ARS,1-3,1,3,3.15,3.6,2.21,2,0,0,1,1,67
1,AST,BHA,0-0,0,0,2.85,3.55,2.45,x,0,3,0,3,64
2,BRE,MUN,2-1,2,3,2.95,3.7,2.3,2,2,2,1,5,61
3,BHA,WOL,1-1,4,4,1.65,4.05,5.0,x,0,3,0,3,10
4,BRE,MUN,3-0,4,2,2.95,3.7,2.3,1,2,2,1,5,61
5,BRE,MUN,3-0,4,2,2.9,3.35,2.5,1,2,2,1,5,61
6,BOU,BHA,0-0,0,3,4.05,3.75,1.88,2,0,0,1,1,68
7,BOU,BRE,1-0,2,1,1.78,3.8,4.45,1,2,0,1,3,69
8,CRY,BRE,2-0,3,0,2.19,3.5,3.3,1,3,0,1,4,70
9,BHA,SHU,1-0,1,0,1.47,4.55,6.75,1,2,0,0,2,37
10,AST,LIV,1-0,2,1,2.14,4.05,3.05,1,1,2,0,3,39
1,AST,SHU,2-1,5,1,1.49,4.5,6.5,1,1,1,0,2,47
2,BOU,BRE,1-0,3,0,2.9,3.35,2.5,1,2,0,1,3,69
3,BRE,BHA,1-0,3,0,2.95,3.45,2.4,1,1,0,0,1,71
4,BHA,LUT,2-0,2,0,1.43,4.75,7.25,1,2,1,0,3,23
5,AST,CRY,2-0,3,0,1.75,4.05,4.45,1,2,0,0,2,1
6,AST,LUT,1-0,2,0,1.45,4.65,7.0,1,1,1,1,3,38
7,BOU,WOL,0-0,1,1,2.7,3.4,2.6,x,1,2,0,3,63
8,BOU,SHU,1-0,1,0,2.25,3.45,3.2,1,1,1,0,2,72
9,BHA,TOT,2-1,3,1,2.09,3.8,3.3,1,1,0,1,2,62
10,CHE,SHU,0-0,3,3,1.43,4.75,7.25,x,1,1,0,2,73
1,BOU,BRE,0-2,1,2,2.9,3.35,2.5,2,2,0,1,3,69
2,AST,NOT,1-0,4,0,1.51,4.65,6.0,1,2,0,1,3,15
3,BRE,TOT,1-1,2,1,2.85,3.55,2.45,1,1,0,0,1,74
4,AST,TOT,4-1,4,1,2.15,3.8,3.15,1,1,1,1,3,21
5,BRE,FUL,0-1,1,1,1.96,3.65,3.85,x,1,1,0,2,75
6,BHA,NEW,0-1,1,3,2.15,3.75,3.2,2,0,1,2,3,60
7,BHA,NEW,0-1,1,3,3.0,3.55,2.3,2,0,1,2,3,60
8,BRE,CHE,0-1,0,1,3.0,3.55,2.3,2,1,0,1,2,54
9,BOU,ARS,0-1,0,2,4.45,4.0,1.75,2,0,0,2,2,50
10,BHA,BOU,1-0,2,0,1.45,4.6,7.0,1,2,0,0,2,76
1,BHA,FUL,1-1,2,2,1.55,4.4,5.75,x,0,1,1,2,43
2,AST,BRE,1-0,2,0,1.45,4.6,7.0,1,2,2,0,4,28
3,AST,BHA,0-1,1,1,2.22,3.7,3.1,x,0,3,0,3,64
4,CHE,BRE,2-0,3,1,1.69,4.0,4.9,1,1,0,1,2,77
5,BUR,SHU,0-1,1,1,2.17,3.5,3.35,x,0,1,0,1,78
6,AST,MUN,1-0,1,0,2.21,3.95,2.95,1,2,0,0,2,20
7,AST,LUT,0-1,1,2,1.45,4.65,7.0,2,1,1,1,3,38
8,BHA,CRY,0-0,3,0,1.71,4.05,4.65,1,2,0,0,2,45
9,BRE,BUR,2-0,3,0,1.85,3.65,4.35,1,4,0,0,4,79
10,BOU,FUL,0-0,0,1,2.5,3.5,2.8,2,1,0,2,3,80
1,BUR,ARS,1-1,1,4,4.2,3.95,1.8,2,2,0,1,3,81
2,BRE,BUR,1-1,4,2,1.85,3.65,4.35,1,4,0,0,4,79
3,BRE,LIV,1-1,5,2,2.85,3.8,2.3,1,1,0,0,1,82
4,BRE,FUL,2-2,4,2,1.96,3.65,3.85,1,1,1,0,2,75
5,CHE,NEW,0-1,0,1,2.07,3.85,3.3,2,1,0,1,2,83
6,CRY,BUR,1-1,1,1,1.79,3.85,4.35,x,0,3,0,3,84
7,CHE,AST,0-0,1,0,2.01,3.85,3.5,1,1,0,0,1,85
8,BRE,CRY,0-0,1,0,2.21,3.5,3.25,1,1,0,0,1,86
9,BRE,BOU,1-1,1,2,1.8,3.7,4.6,2,2,1,1,4,87
10,CHE,LIV,3-0,5,0,2.14,3.9,3.1,1,1,0,1,2,88
1,CHE,EVE,0-0,0,0,1.73,3.95,4.65,x,1,1,1,3,89
2,CRY,BRE,1-1,2,3,2.8,3.95,2.3,2,3,0,1,4,70
3,EVE,CHE,1-0,1,1,2.9,3.55,2.4,x,2,1,1,4,90
4,BHA,BOU,2-0,2,0,1.45,4.6,7.0,1,2,0,0,2,76
5,BRE,WOL,4-1,4,2,2.12,3.45,3.5,1,1,0,0,1,91
6,BOU,CRY,1-0,2,0,2.9,3.5,2.4,1,2,0,2,4,92
7,LIV,BUR,0-1,2,2,1.41,5.25,7.0,x,1,2,0,3,93
8,BUR,LUT,0-1,0,2,2.08,3.55,3.55,2,1,1,3,5,94
9,BRE,BOU,2-0,2,0,2.01,3.9,3.4,1,2,1,1,4,87
10,CRY,BUR,1-1,1,1,2.0,4.15,3.3,x,0,3,0,3,84
1,BOU,AST,0-1,2,2,3.85,3.75,1.93,x,0,2,0,2,48
2,CRY,AST,0-0,1,0,2.75,3.65,2.45,1,4,0,0,4,95
3,EVE,ARS,2-1,3,1,3.0,3.6,2.3,1,1,0,1,2,96
4,CHE,BOU,2-1,3,1,1.41,4.85,7.5,1,1,1,0,2,97
5,BUR,EVE,1-0,2,0,2.9,3.4,2.5,1,1,1,1,3,98
6,BOU,LUT,2-0,4,0,2.17,3.5,3.35,1,3,0,0,3,33
7,BHA,WHU,1-0,3,0,1.94,3.8,3.75,1,2,0,1,3,36
8,CHE,ARS,0-0,0,1,2.95,3.45,2.4,2,1,0,3,4,57
9,FUL,BHA,0-0,0,0,3.4,3.7,2.08,x,0,3,0,3,99
10,LIV,BHA,0-1,1,2,2.07,4.0,3.15,2,0,0,2,2,100
1,CRY,LIV,0-0,2,2,2.8,3.95,2.3,x,1,2,0,3,101
2,EVE,FUL,2-0,2,1,1.9,3.7,4.0,1,2,0,1,3,102
3,BRE,BOU,0-0,0,0,1.8,3.7,4.6,x,2,1,1,4,87
4,BRE,SHU,0-0,0,2,1.83,3.65,4.45,2,1,2,1,4,52
5,CRY,MUN,0-0,0,3,2.9,3.9,2.25,2,0,1,1,2,103
6,CHE,EVE,0-0,0,1,1.73,3.95,4.65,2,1,1,1,3,89
7,BUR,WHU,0-0,0,1,3.3,3.6,2.16,2,0,1,2,3,104
8,BHA,MUN,0-2,0,2,1.44,4.75,7.0,2,0,0,1,1,105
9,BUR,NEW,1-1,2,1,2.01,3.85,3.5,1,1,0,1,2,106
10,BUR,TOT,0-0,1,1,3.7,3.8,1.95,x,0,2,0,2,107
1,CHE,BUR,0-0,1,0,1.44,4.75,7.0,1,3,0,1,4,108
2,EVE,MCI,0-1,0,3,3.25,3.7,2.14,2,1,0,1,2,109
3,CHE,ARS,1-1,1,4,2.19,3.85,3.05,2,1,0,3,4,57
4,CRY,BHA,0-0,0,2,2.85,3.65,2.4,2,2,0,1,3,110
5,BRE,BUR,0-0,3,2,1.85,3.65,4.35,1,4,0,0,4,79
6,BOU,MCI,0-1,1,3,4.85,4.2,1.66,2,1,1,2,4,18
7,BOU,SHU,0-0,0,0,2.25,3.45,3.2,x,1,1,0,2,72
8,BRE,NOT,0-0,1,1,1.86,3.8,4.05,x,1,1,0,2,111
9,BUR,WHU,0-0,0,0,3.3,3.6,2.16,x,0,1,2,3,104
10,EVE,SHU,2-2,2,2,1.77,3.75,4.7,x,0,2,0,2,112
1,BOU,CRY,0-1,1,2,2.9,3.5,2.4,2,2,0,2,4,92
2,BRE,NEW,1-0,1,2,2.95,3.5,2.4,2,1,0,1,2,113
3,BUR,BHA,0-1,1,2,3.8,3.7,1.94,2,0,0,1,1,114
4,BOU,CRY,0-1,1,2,3.8,3.7,1.94,2,2,0,2,4,92
5,CRY,LIV,0-1,1,1,2.8,3.95,2.3,x,1,2,0,3,101
6,BOU,MCI,1-0,1,0,4.85,4.2,1.66,1,1,1,2,4,18
7,BOU,FUL,3-2,3,2,2.14,3.9,3.1,1,1,0,2,3,80
8,BOU,EVE,0-1,2,1,3.0,3.4,2.4,1,1,0,0,1,115
9,BUR,AST,0-1,1,2,3.65,3.7,1.99,2,1,0,1,2,116
10,CRY,WHU,1-0,2,0,2.5,3.6,2.7,1,2,0,1,3,117
1,BOU,FUL,0-1,1,2,2.5,3.5,2.8,2,1,0,2,3,80
2,BRE,NOT,0-0,2,0,1.86,3.8,4.05,1,1,1,0,2,111
3,BUR,WHU,0-2,1,4,3.3,3.6,2.16,2,0,1,2,3,104
4,CRY,NEW,0-1,0,2,2.85,3.7,2.35,2,1,1,1,3,118
5,BUR,MUN,2-1,3,2,3.95,4.05,1.84,1,1,0,0,1,119
6,BRE,NEW,0-1,3,2,2.95,3.5,2.4,1,1,0,1,2,113
7,BOU,MCI,0-0,0,0,4.85,4.2,1.66,x,1,1,2,4,18
8,CHE,BUR,0-1,0,1,1.44,4.75,7.0,2,3,0,1,4,108
9,BOU,NOT,1-0,1,1,2.35,3.65,2.9,x,0,1,1,2,120
10,CHE,LUT,1-1,2,2,1.39,5.0,7.75,x,1,1,0,2,121
1,BRE,BOU,2-0,2,0,1.8,3.7,4.6,1,2,1,1,4,87
2,BUR,TOT,0-0,0,0,3.7,3.8,1.95,x,0,2,0,2,107
3,EVE,MUN,3-1,4,1,2.85,3.75,2.35,1,1,1,1,3,122
4,CHE,BUR,3-1,3,1,1.44,4.75,7.0,1,3,0,1,4,108
5,CRY,SHU,0-0,2,2,1.77,3.85,4.5,x,0,1,1,2,123
6,CRY,TOT,1-0,1,1,2.8,3.7,2.4,x,2,1,0,3,124
7,CRY,WOL,0-1,0,2,2.05,3.65,3.5,2,1,0,1,2,125
8,BUR,BRE,1-1,1,1,2.8,3.35,2.6,x,1,1,0,2,126
9,CHE,BUR,3-1,3,1,2.7,3.5,2.55,1,3,0,1,4,108
10,BRE,MUN,1-0,1,1,2.95,3.7,2.3,x,2,2,1,5,61
1,BUR,LUT,0-1,0,3,2.08,3.55,3.55,2,1,1,3,5,94
2,BRE,SHU,1-0,2,1,1.83,3.65,4.45,1,1,2,1,4,52
3,CRY,BHA,2-0,2,0,2.85,3.65,2.4,1,2,0,1,3,110
4,EVE,MUN,1-0,1,1,2.85,3.75,2.35,x,1,1,1,3,122
5,FUL,BUR,0-1,0,2,2.85,3.75,2.35,2,1,0,1,2,127
6,EVE,WOL,0-1,0,2,2.04,3.5,3.65,2,0,0,1,1,128
7,BRE,WHU,0-1,0,4,2.6,3.45,2.7,2,0,1,2,3,65
8,CHE,BHA,0-0,2,0,2.08,3.75,3.35,1,2,0,0,2,129
9,EVE,LIV,1-0,2,3,2.75,3.8,2.4,2,0,2,1,3,130
10,BUR,LUT,0-1,1,1,2.08,3.55,3.55,x,1,1,3,5,94
1,BUR,EVE,1-0,1,1,2.9,3.4,2.5,x,1,1,1,3,98
2,CHE,MCI,0-0,3,0,2.3,3.85,2.8,1,1,1,0,2,131
3,CRY,BUR,0-0,2,2,1.79,3.85,4.35,x,0,3,0,3,84
4,BUR,BOU,1-1,1,3,2.13,3.5,3.45,2,0,1,1,2,66
5,CHE,EVE,0-0,4,0,1.79,3.85,4.35,1,1,1,1,3,89
6,BUR,CRY,0-3,1,3,2.75,3.55,2.5,2,1,0,1,2,132
7,EVE,CRY,0-0,0,0,2.14,3.55,3.35,x,1,2,0,3,133
8,EVE,BOU,0-0,1,1,1.77,3.85,4.5,x,1,2,0,3,134
9,FUL,BOU,0-0,1,0,1.94,3.7,3.85,1,2,0,0,2,135
10,EVE,BOU,0-0,1,1,1.74,3.8,4.8,x,1,2,0,3,134
1,EVE,MCI,2-0,2,1,3.25,3.7,2.14,1,1,0,1,2,109
2,CRY,SHU,0-1,1,2,2.6,3.45,2.7,2,0,1,1,2,123
3,CRY,AST,0-0,3,0,2.75,3.65,2.45,1,4,0,0,4,95
4,LIV,BOU,0-1,3,2,1.38,5.25,7.5,1,2,0,2,4,136
5,BUR,WOL,1-0,2,2,2.14,3.55,3.35,x,0,1,0,1,137
6,BUR,AST,2-0,2,0,3.65,3.7,1.99,1,1,0,1,2,116
7,BRE,LUT,0-1,0,2,1.76,3.75,4.75,2,1,0,1,2,49
8,EVE,LUT,1-0,4,0,1.71,3.85,4.95,1,2,1,1,4,138
9,BUR,LIV,0-0,0,0,3.8,4.1,1.86,x,0,1,0,1,139
10,LIV,BUR,4-1,6,1,1.41,5.25,7.0,1,1,2,0,3,93
1,CHE,LUT,1-0,1,0,1.39,5.0,7.75,1,1,1,0,2,121
2,LIV,CHE,2-1,2,2,2.12,4.05,3.05,x,0,2,0,2,140
3,CHE,WOL,2-1,2,1,1.6,4.25,5.5,1,1,0,0,1,141
4,CRY,TOT,0-0,4,0,2.8,3.7,2.4,1,2,1,0,3,124
5,CRY,NEW,0-0,2,2,2.85,3.7,2.35,x,1,1,1,3,118
6,FUL,BRE,0-1,1,1,2.5,3.45,2.8,x,1,2,0,3,142
7,CRY,TOT,1-1,3,2,2.8,3.7,2.4,1,2,1,0,3,124
8,CRY,EVE,2-0,2,1,2.25,3.55,3.15,1,1,0,0,1,143
9,CRY,NEW,0-0,1,0,2.85,3.7,2.35,1,1,1,1,3,118
10,EVE,FUL,0-1,3,1,1.9,3.7,4.0,1,2,0,1,3,102
1,CHE,CRY,0-0,2,1,1.65,4.2,4.9,1,1,1,0,2,144
2,LUT,BOU,0-2,0,2,2.25,3.45,3.2,2,0,0,1,1,145
3,BUR,EVE,0-3,1,4,2.9,3.4,2.5,2,1,1,1,3,98
4,BRE,EVE,0-1,2,1,2.9,3.35,2.5,1,1,0,0,1,146
5,EVE,AST,0-1,1,3,2.7,3.5,2.55,2,1,0,1,2,147
6,LIV,WOL,0-0,2,0,1.58,4.55,5.25,1,2,1,0,3,148
7,CHE,FUL,1-0,2,2,1.5,4.6,6.0,x,0,1,2,3,53
8,LIV,BOU,1-2,1,2,1.38,5.25,7.5,2,2,0,2,4,136
9,BUR,BRE,2-0,2,0,2.8,3.35,2.6,1,1,1,0,2,126
10,CRY,MUN,0-0,0,0,2.9,3.9,2.25,x,0,1,1,2,103
1,BUR,ARS,0-0,1,0,2.8,3.7,2.4,1,2,0,1,3,81
2,EVE,LUT,0-0,1,2,1.71,3.85,4.95,2,2,1,1,4,138
3,BUR,ARS,0-0,1,0,4.2,3.95,1.8,1,2,0,1,3,81
4,FUL,MCI,0-0,1,2,4.0,4.1,1.81,2,0,1,4,5,149
5,BOU,CRY,0-0,2,0,2.9,3.5,2.4,1,2,0,2,4,92
6,CRY,FUL,0-0,0,0,1.9,3.85,3.85,x,0,2,0,2,150
7,EVE,LUT,1-0,3,1,1.71,3.85,4.95,1,2,1,1,4,138
8,CHE,MCI,0-0,1,1,2.3,3.85,2.8,x,1,1,0,2,131
9,CRY,LIV,0-0,3,2,2.24,3.65,3.05,1,1,2,0,3,101
10,LUT,ARS,0-0,0,1,4.6,4.05,1.71,2,0,0,1,1,151
1,CHE,MUN,0-2,3,2,2.06,4.0,3.2,1,2,0,0,2,152
2,FUL,NOT,0-0,0,0,2.03,3.85,3.4,x,1,1,0,2,153
3,BUR,FUL,0-1,0,4,2.4,3.55,2.9,2,0,0,1,1,154
4,LIV,ARS,0-0,3,2,2.2,4.1,2.9,1,1,0,0,1,155
5,FUL,SHU,0-2,2,3,1.97,3.65,3.75,2,4,0,1,5,156
6,EVE,CRY,0-1,1,1,2.14,3.55,3.35,x,1,2,0,3,133
7,LUT,CRY,1-0,3,0,2.95,3.55,2.35,1,1,0,1,2,157
8,LIV,AST,0-0,0,0,2.0,4.1,3.3,x,1,3,0,4,158
9,MCI,BUR,2-0,3,2,1.34,5.5,8.5,1,2,0,0,2,159
10,MCI,EVE,0-1,1,1,1.58,4.35,5.5,x,1,1,0,2,160
1,FUL,BRE,0-1,2,2,4.0,4.1,1.81,x,1,2,0,3,142
2,CRY,BRE,1-0,3,0,2.19,3.5,3.3,1,3,0,1,4,70
3,EVE,CRY,0-0,1,0,2.14,3.55,3.35,1,1,2,0,3,133
4,LUT,CHE,1-2,1,3,4.35,3.9,1.78,2,0,2,1,3,161
5,FUL,SHU,2-0,4,0,1.97,3.65,3.75,1,4,0,1,5,156
6,EVE,ARS,0-3,1,3,3.0,3.6,2.3,2,1,0,1,2,96
7,LUT,SHU,2-0,2,0,2.3,3.45,3.1,1,1,3,0,4,162
8,EVE,BOU,2-1,4,1,1.74,3.8,4.8,1,1,2,0,3,134
9,CHE,NOT,1-0,7,1,1.44,4.95,6.75,1,1,0,0,1,163
10,CHE,WHU,0-0,1,1,1.87,3.9,3.9,x,1,1,1,3,164
1,FUL,WOL,1-0,3,0,2.35,3.55,3.0,1,2,0,1,3,165
2,CHE,BRE,1-1,1,2,1.69,4.0,4.9,2,1,0,1,2,77
3,FUL,SHU,0-0,1,0,1.97,3.65,3.75,1,4,0,1,5,156
4,FUL,WHU,0-0,2,4,2.9,3.65,2.35,2,0,0,2,2,166
5,LIV,WHU,1-0,2,0,1.85,4.2,3.75,1,3,2,0,5,167
6,LIV,FUL,2-0,3,0,1.48,4.95,6.0,1,1,1,0,2,168
7,BUR,NEW,1-1,1,2,3.85,3.8,1.92,2,1,0,1,2,106
8,FUL,BHA,1-1,1,1,3.4,3.7,2.08,x,0,3,0,3,99
9,LIV,EVE,1-1,4,1,1.7,4.25,4.5,1,1,0,0,1,169
10,CHE,BHA,2-0,2,0,2.08,3.75,3.35,1,2,0,0,2,129
1,EVE,MUN,0-0,0,2,2.85,3.75,2.35,2,1,1,1,3,122
2,LIV,BUR,1-0,1,1,1.41,5.25,7.0,x,1,2,0,3,93
3,LIV,NOT,2-2,4,2,1.41,5.5,6.5,1,1,0,0,1,170
4,MCI,NEW,0-0,1,3,1.87,4.1,3.75,2,0,0,2,2,171
5,FUL,ARS,0-1,1,2,3.7,3.95,1.92,2,1,0,1,2,172
6,LIV,WHU,0-1,2,1,1.85,4.2,3.75,1,3,2,0,5,167
7,MCI,LUT,0-0,0,1,1.3,5.75,9.5,2,1,0,2,3,173
8,MCI,BRE,2-2,4,3,1.55,4.4,5.75,1,1,1,0,2,174
9,MCI,LIV,0-2,0,3,1.8,4.4,3.8,2,0,0,1,1,175
10,CHE,LIV,0-0,0,1,2.0,4.15,3.3,2,1,0,1,2,88
1,CRY,FUL,0-0,0,0,1.9,3.85,3.85,x,0,2,0,2,150
2,CRY,WOL,2-0,3,0,2.05,3.65,3.5,1,1,0,1,2,125
3,EVE,BRE,0-0,1,1,2.18,3.4,3.45,x,0,2,0,2,176
4,EVE,AST,1-1,3,1,2.01,3.9,3.4,1,1,0,1,2,147
5,FUL,AST,0-2,0,2,3.25,3.7,2.14,2,0,0,1,1,177
6,CHE,WHU,1-1,2,3,1.87,3.9,3.9,2,1,1,1,3,164
7,LIV,AST,1-0,2,2,2.0,4.1,3.3,x,1,3,0,4,158
8,LIV,AST,1-1,1,1,2.0,4.1,3.3,x,1,3,0,4,158
9,LIV,BOU,1-2,3,2,1.38,5.25,7.5,1,2,0,2,4,136
10,MCI,LUT,0-0,0,1,2.7,3.5,2.55,2,1,0,2,3,173
1,EVE,BHA,0-0,2,0,2.8,3.45,2.5,1,1,0,1,2,178
2,FUL,BRE,1-1,2,1,2.5,3.45,2.8,1,1,2,0,3,142
3,FUL,WOL,1-0,3,0,2.35,3.55,3.0,1,2,0,1,3,165
4,LUT,WHU,0-0,0,2,3.55,3.65,2.04,2,0,0,4,4,179
5,LUT,WHU,1-3,3,4,3.55,3.65,2.04,2,0,0,4,4,179
6,CHE,ARS,2-0,4,0,2.19,3.85,3.05,1,1,0,3,4,57
7,FUL,BHA,0-1,1,1,3.4,3.7,2.08,x,0,3,0,3,99
8,CHE,WHU,1-0,1,0,1.87,3.9,3.9,1,1,1,1,3,164
9,CRY,BRE,1-0,3,0,2.19,3.5,3.3,1,3,0,1,4,70
10,BUR,CRY,1-1,2,1,3.85,3.8,1.92,1,1,0,1,2,132
1,LUT,WOL,0-2,0,2,2.8,3.45,2.55,2,1,1,1,3,180
2,LUT,WHU,0-0,0,2,3.55,3.65,2.04,2,0,0,4,4,179
3,FUL,EVE,0-1,0,1,2.6,3.5,2.7,2,0,2,1,3,181
4,EVE,CHE,1-0,1,0,2.9,3.55,2.4,1,2,1,1,4,90
5,EVE,LIV,1-0,1,1,2.75,3.8,2.4,x,0,2,1,3,130
6,CHE,FUL,0-0,0,1,1.5,4.6,6.0,2,0,1,2,3,53
7,FUL,CRY,1-1,3,1,1.97,3.65,3.75,1,1,0,0,1,182
8,EVE,LUT,1-1,1,1,1.71,3.85,4.95,x,2,1,1,4,138
9,FUL,CHE,0-2,1,4,3.5,3.8,2.0,2,0,0,2,2,183
10,LIV,WHU,0-2,2,2,1.85,4.2,3.75,x,3,2,0,5,167
1,EVE,WHU,0-0,0,0,2.5,3.5,2.8,x,0,1,1,2,184
2,FUL,SHU,4-0,4,1,1.97,3.65,3.75,1,4,0,1,5,156
3,FUL,EVE,0-0,1,1,2.6,3.5,2.7,x,0,2,1,3,181
4,FUL,NOT,0-0,1,0,2.03,3.85,3.4,1,1,1,0,2,153
5,CRY,WHU,2-0,3,1,2.5,3.6,2.7,1,2,0,1,3,117
6,FUL,BOU,2-0,3,0,1.94,3.7,3.85,1,2,0,0,2,135
7,EVE,NOT,0-0,0,0,1.8,3.9,4.25,x,0,1,0,1,185
8,FUL,TOT,1-1,1,2,3.25,3.8,2.1,2,0,0,1,1,186
9,EVE,CHE,1-0,1,0,1.8,3.9,4.25,1,2,1,1,4,90
10,CHE,TOT,0-0,1,4,2.03,3.85,3.4,2,0,0,1,1,187
1,LUT,WOL,2-2,3,3,2.8,3.45,2.55,x,1,1,1,3,180
2,LIV,CHE,0-1,1,1,2.12,4.05,3.05,x,0,2,0,2,140
3,FUL,SHU,1-0,2,0,1.97,3.65,3.75,1,4,0,1,5,156
4,MUN,BUR,1-1,3,1,1.41,5.0,7.0,1,3,0,0,3,188
5,LIV,MUN,0-1,1,1,2.07,4.3,3.05,x,0,1,0,1,189
6,MCI,ARS,0-0,1,0,1.97,4.05,3.45,1,5,0,1,6,190
7,MUN,EVE,1-1,3,1,1.69,4.2,4.65,1,1,0,0,1,191
8,MCI,AST,1-1,3,1,1.82,4.1,3.95,1,2,1,0,3,192
9,LIV,WOL,1-0,2,0,2.8,3.45,2.55,1,2,1,0,3,148
10,MCI,BUR,2-1,3,1,1.34,5.5,8.5,1,2,0,0,2,159
1,MUN,FUL,3-1,3,1,1.47,4.9,6.0,1,1,2,0,3,193
2,CRY,AST,1-0,3,1,2.75,3.65,2.45,1,4,0,0,4,95
3,MCI,CRY,0-3,0,4,1.52,4.65,5.75,2,1,1,1,3,194
4,MCI,WHU,1-0,2,0,1.7,4.25,4.5,1,3,1,0,4,195
5,FUL,NEW,1-0,2,1,3.4,3.8,2.05,1,1,0,0,1,196
6,MCI,LUT,0-0,3,1,1.3,5.75,9.5,1,1,0,2,3,173
7,LUT,EVE,0-1,0,3,3.1,3.4,2.35,2,1,0,2,3,197
8,MUN,CRY,2-0,2,0,1.62,4.45,4.85,1,2,1,1,4,198
9,LIV,WHU,0-2,3,2,1.85,4.2,3.75,1,3,2,0,5,167
10,MCI,MUN,0-0,1,0,1.86,4.3,3.65,1,1,0,1,2,199
1,MUN,WHU,0-0,1,0,1.83,4.15,3.85,1,1,0,0,1,200
2,MCI,ARS,0-0,0,1,1.97,4.05,3.45,2,5,0,1,6,190
3,LIV,MCI,0-1,2,2,2.35,4.15,2.65,x,0,1,1,2,201
4,MUN,FUL,0-0,1,1,1.47,4.9,6.0,x,1,2,0,3,193
5,MCI,CHE,1-2,2,2,1.91,4.05,3.65,x,0,1,2,3,202
6,MCI,ARS,0-0,1,0,2.5,3.6,2.7,1,5,0,1,6,190
7,FUL,BUR,0-0,2,1,2.0,3.7,3.65,1,1,0,1,2,127
8,EVE,FUL,0-1,0,2,1.9,3.7,4.0,2,2,0,1,3,102
9,LUT,FUL,0-1,0,2,2.55,3.5,2.7,2,0,0,2,2,203
10,LIV,AST,1-0,1,0,2.0,4.1,3.3,1,1,3,0,4,158
1,MCI,CHE,0-2,0,2,1.91,4.05,3.65,2,0,1,2,3,202
2,MUN,CRY,2-0,4,1,1.62,4.45,4.85,1,2,1,1,4,198
3,FUL,ARS,1-0,2,0,3.7,3.95,1.92,1,1,0,1,2,172
4,FUL,MCI,0-3,0,3,4.0,4.1,1.81,2,0,1,4,5,149
5,MCI,CRY,0-0,2,2,1.52,4.65,5.75,x,1,1,1,3,194
6,LUT,CHE,0-0,1,1,4.35,3.9,1.78,x,0,2,1,3,161
7,NEW,FUL,1-1,2,1,1.53,4.5,5.75,1,3,0,0,3,204
8,LUT,CRY,0-1,0,4,2.95,3.55,2.35,2,1,0,1,2,157
9,MUN,CRY,0-0,1,1,1.62,4.45,4.85,x,2,1,1,4,198
10,CRY,WHU,0-1,0,1,2.3,4.05,2.75,2,2,0,1,3,117
1,MUN,BHA,1-1,1,2,2.04,3.95,3.3,2,1,0,1,2,205
2,LIV,WHU,0-0,2,2,1.85,4.2,3.75,x,3,2,0,5,167
3,EVE,LIV,1-0,1,1,2.75,3.8,2.4,x,0,2,1,3,130
4,MCI,BHA,0-1,0,1,1.88,4.0,3.8,2,0,1,1,2,206
5,NOT,EVE,1-1,1,3,2.7,3.6,2.55,2,0,2,1,3,207
6,EVE,TOT,1-0,1,0,2.75,3.55,2.5,1,1,0,0,1,208
7,MUN,CRY,0-2,2,3,1.62,4.45,4.85,2,2,1,1,4,198
8,CRY,NOT,2-0,3,0,1.8,4.05,4.1,1,1,0,0,1,209
9,MUN,MCI,0-1,1,1,2.3,4.05,2.75,x,0,2,1,3,210
10,MUN,AST,0-2,0,2,1.97,4.05,3.45,2,0,0,2,2,211
1,MCI,AST,1-2,3,2,1.82,4.1,3.95,1,2,1,0,3,192
2,MCI,FUL,0-0,0,0,1.39,5.25,7.25,x,0,1,0,1,212
3,LUT,LIV,0-1,0,3,4.15,4.2,1.76,2,0,0,2,2,213
4,LIV,FUL,2-1,4,4,1.48,4.95,6.0,x,1,1,0,2,168
5,LIV,TOT,0-1,2,2,2.01,4.15,3.25,x,1,1,0,2,214
6,LUT,LIV,0-0,1,2,4.15,4.2,1.76,2,0,0,2,2,213
7,LUT,WOL,0-0,2,1,2.8,3.45,2.55,1,1,1,1,3,180
8,NEW,FUL,1-1,2,1,1.97,4.05,3.45,1,3,0,0,3,204
9,LIV,LUT,0-1,0,1,1.36,5.5,7.75,2,1,0,1,2,215
10,LIV,TOT,4-1,6,2,2.01,4.15,3.25,1,1,1,0,2,214
1,MUN,BOU,0-0,1,0,1.38,5.25,7.5,1,1,0,1,2,216
2,LUT,MUN,1-1,1,1,4.3,4.15,1.74,x,0,1,0,1,217
3,LUT,FUL,0-1,0,2,3.7,3.95,1.92,2,0,0,2,2,203
4,MUN,AST,0-2,1,2,1.97,4.05,3.45,2,0,0,2,2,211
5,FUL,LIV,0-1,1,1,3.35,4.1,2.0,x,0,1,0,1,218
6,MCI,NOT,2-2,3,3,1.34,5.75,8.0,x,1,3,0,4,219
7,LUT,EVE,0-1,1,2,3.1,3.4,2.35,2,1,0,2,3,197
8,MCI,ARS,2-1,3,2,1.97,4.05,3.45,1,5,0,1,6,190
9,NEW,AST,1-0,3,2,2.05,3.8,3.35,1,2,0,2,4,220
10,NEW,ARS,1-0,2,0,2.25,3.8,2.95,1,1,2,0,3,221
1,MUN,MCI,0-0,2,2,2.3,4.05,2.75,x,0,2,1,3,210
2,MUN,NEW,0-0,1,0,2.04,4.05,3.25,1,3,0,0,3,222
3,LIV,MCI,1-2,1,2,2.8,3.95,2.3,2,0,1,1,2,201
4,FUL,MCI,2-2,5,5,4.0,4.1,1.81,x,0,1,4,5,149
5,NOT,EVE,0-0,0,0,2.7,3.6,2.55,x,0,2,1,3,207
6,MCI,NOT,2-2,3,3,1.32,5.5,9.25,x,1,3,0,4,219
7,MUN,ARS,0-0,1,0,2.16,4.05,3.0,1,1,0,0,1,223
8,NEW,FUL,1-1,4,1,1.53,4.5,5.75,1,3,0,0,3,204
9,NEW,MUN,1-3,2,5,2.12,4.0,3.1,2,2,0,2,4,224
10,MCI,EVE,2-1,4,2,1.58,4.35,5.5,1,1,1,0,2,160
1,SHU,LUT,0-1,2,1,2.13,3.5,3.45,1,2,0,0,2,225
2,SHU,MUN,0-0,0,2,4.05,4.05,1.81,2,0,1,2,3,226
3,MCI,SHU,2-0,2,0,1.33,5.5,8.75,1,1,0,0,1,227
4,MCI,WOL,1-2,3,2,1.48,4.7,6.25,1,1,1,0,2,228
5,NEW,BRE,2-0,4,0,1.72,3.95,4.75,1,2,2,0,4,229
6,NOT,ARS,0-2,3,2,3.95,4.1,1.82,1,1,1,2,4,230
7,NEW,TOT,0-1,2,2,2.06,3.85,3.3,x,1,4,0,5,231
8,MCI,BHA,0-0,0,0,1.88,4.0,3.8,x,0,1,1,2,206
9,MUN,LIV,1-0,1,2,1.97,4.35,3.25,2,0,0,2,2,232
10,NOT,LUT,1-0,3,0,3.95,4.1,1.82,1,4,1,0,5,233
1,MCI,BOU,1-0,1,1,1.32,5.5,9.25,x,0,1,0,1,234
2,NOT,FUL,1-1,2,1,2.23,3.75,3.0,1,2,0,0,2,235
3,LUT,EVE,0-0,1,0,3.1,3.4,2.35,1,1,0,2,3,197
4,NEW,AST,0-1,1,2,2.05,3.8,3.35,2,2,0,2,4,220
5,LIV,LUT,2-0,3,1,2.05,3.8,3.35,1,1,0,1,2,215
6,LUT,AST,1-1,3,2,4.0,3.75,1.89,1,1,0,0,1,236
7,NEW,EVE,1-0,1,0,1.43,4.75,7.25,1,1,0,2,3,237
8,MCI,NEW,0-3,2,4,1.87,4.1,3.75,2,0,0,2,2,171
9,NEW,MCI,0-2,0,2,2.4,3.85,2.75,2,1,0,1,2,238
10,NEW,WOL,1-1,3,1,1.63,4.15,5.25,1,2,0,0,2,239
1,NEW,AST,1-0,2,1,2.05,3.8,3.35,1,2,0,2,4,220
2,LIV,NEW,0-2,1,2,2.07,4.1,3.15,2,0,0,1,1,240
3,NEW,CRY,0-0,1,0,1.69,4.15,4.7,1,3,2,0,5,241
4,NEW,AST,1-2,2,3,2.05,3.8,3.35,2,2,0,2,4,220
5,NEW,BRE,1-0,4,0,1.72,3.95,4.75,1,2,2,0,4,229
6,EVE,CHE,0-0,0,2,2.9,3.55,2.4,2,2,1,1,4,90
7,MUN,NEW,1-1,2,1,1.36,5.5,7.75,1,3,0,0,3,222
8,LUT,NOT,1-1,1,1,2.4,3.65,2.85,x,0,1,1,2,242
9,NEW,ARS,1-1,1,1,2.25,3.8,2.95,x,1,2,0,3,221
10,NOT,ARS,0-2,0,3,3.95,4.1,1.82,2,1,1,2,4,230
1,MUN,CHE,1-1,3,1,2.09,4.0,3.15,1,2,0,0,2,243
2,LUT,BHA,0-1,1,4,4.15,3.8,1.85,2,0,0,2,2,244
3,MCI,WHU,1-0,3,0,1.7,4.25,4.5,1,3,1,0,4,195
4,NOT,CHE,0-1,1,3,3.75,4.0,1.9,2,1,0,3,4,245
5,LIV,WOL,2-1,2,2,1.58,4.55,5.25,x,2,1,0,3,148
6,NEW,CRY,0-0,2,2,1.69,4.15,4.7,x,3,2,0,5,241
7,LUT,SHU,2-1,2,2,2.3,3.45,3.1,x,1,3,0,4,162
8,SHU,NEW,1-0,2,1,3.95,3.8,1.89,1,1,0,3,4,246
9,LUT,BHA,0-1,0,2,4.15,3.8,1.85,2,0,0,2,2,244
10,MUN,BRE,0-0,3,2,1.65,4.2,4.9,1,1,1,0,2,247
1,MCI,NOT,0-1,2,2,1.34,5.75,8.0,x,1,3,0,4,219
2,MCI,NOT,2-1,4,1,1.34,5.75,8.0,1,1,3,0,4,219
3,NEW,TOT,0-1,1,1,2.06,3.85,3.3,x,1,4,0,5,231
4,LUT,SHU,2-1,2,2,1.39,5.25,7.25,x,1,3,0,4,162
5,MCI,CRY,3-0,3,0,1.52,4.65,5.75,1,1,1,1,3,194
6,LUT,CHE,0-0,1,1,4.35,3.9,1.78,x,0,2,1,3,161
7,MUN,CHE,1-1,2,1,2.09,4.0,3.15,1,2,0,0,2,243
8,NOT,CHE,0-1,1,3,2.04,4.05,3.25,2,1,0,3,4,245
9,NEW,BOU,2-1,2,3,1.43,4.75,7.25,2,1,0,1,2,248
10,MCI,AST,1-0,2,2,1.82,4.1,3.95,x,2,1,0,3,192
1,NEW,BRE,3-1,3,3,1.72,3.95,4.75,x,2,2,0,4,229
2,MCI,WHU,1-1,4,2,1.7,4.25,4.5,1,3,1,0,4,195
3,FUL,MCI,0-2,0,2,4.0,4.1,1.81,2,0,1,4,5,149
4,LUT,SHU,0-0,1,1,1.7,4.25,4.5,x,1,3,0,4,162
5,MCI,ARS,2-2,3,2,1.97,4.05,3.45,1,5,0,1,6,190
6,NEW,MCI,1-0,4,0,2.4,3.85,2.75,1,1,0,1,2,238
7,LUT,BUR,0-0,0,2,2.35,3.45,3.05,2,1,0,1,2,249
8,LUT,NOT,0-2,1,4,2.4,3.65,2.85,2,0,1,1,2,242
9,NOT,SHU,0-0,2,0,2.03,3.7,3.5,1,1,0,1,2,250
10,SHU,BRE,0-2,3,4,2.85,3.35,2.55,2,1,0,1,2,251
1,SHU,FUL,0-0,1,1,2.45,3.5,2.85,x,0,3,0,3,252
2,TOT,LUT,1-1,2,1,1.43,4.85,7.25,1,3,0,0,3,253
3,NOT,WHU,1-2,2,4,3.1,3.75,2.19,2,0,0,1,1,254
4,NEW,WOL,3-0,3,1,1.63,4.15,5.25,1,2,0,0,2,239
5,SHU,BUR,0-0,2,3,2.25,3.45,3.2,2,0,0,1,1,255
6,NOT,BOU,2-1,2,1,1.99,3.75,3.6,1,1,1,0,2,256
7,MCI,BRE,1-0,1,1,1.97,4.35,3.25,x,1,1,0,2,174
8,LIV,CRY,2-0,3,1,1.63,4.5,4.7,1,1,0,1,2,257
9,MUN,SHU,0-1,0,2,1.63,4.15,5.25,2,1,0,1,2,258
10,NEW,MUN,2-0,4,1,2.12,4.0,3.1,1,2,0,2,4,224
1,NOT,BUR,2-0,2,1,2.06,3.75,3.4,1,1,0,1,2,259
2,NOT,WOL,1-0,2,0,2.45,3.65,2.8,1,1,1,0,2,260
3,NEW,CRY,0-0,1,1,1.69,4.15,4.7,x,3,2,0,5,241
4,SHU,NEW,0-3,0,3,2.25,3.45,3.2,2,1,0,3,4,246
5,NOT,BRE,1-2,1,2,2.6,3.55,2.65,2,1,0,1,2,261
6,NOT,CRY,0-0,0,0,2.55,3.75,2.6,x,0,1,0,1,262
7,MUN,BOU,0-1,2,3,1.38,5.25,7.5,2,1,0,1,2,216
8,NOT,SHU,0-1,0,2,2.03,3.7,3.5,2,1,0,1,2,250
9,NEW,CRY,1-0,2,1,1.69,4.15,4.7,1,3,2,0,5,241
10,NEW,EVE,0-1,0,1,1.76,3.9,4.5,2,1,0,2,3,237
1,MUN,MCI,2-1,2,4,2.3,4.05,2.75,2,0,2,1,3,210
2,NOT,BOU,0-0,0,0,1.99,3.75,3.6,x,1,1,0,2,256
3,NOT,MUN,1-0,1,0,3.7,4.2,1.86,1,1,0,2,3,263
4,MUN,BHA,2-1,3,1,2.04,3.95,3.3,1,1,0,1,2,205
5,MCI,WOL,0-0,0,0,1.48,4.7,6.25,x,1,1,0,2,228
6,SHU,BRE,0-0,2,1,2.85,3.35,2.55,1,1,0,1,2,251
7,NEW,CHE,3-1,3,1,2.18,3.8,3.1,1,1,0,0,1,264
8,SHU,ARS,1-2,2,2,4.35,3.95,1.78,x,0,1,0,1,265
9,NOT,WOL,1-1,2,2,2.45,3.65,2.8,x,1,1,0,2,260
10,TOT,BHA,1-2,2,2,2.18,3.75,3.15,x,1,1,0,2,266
1,NOT,CHE,0-1,0,3,3.75,4.0,1.9,2,1,0,3,4,245
2,NOT,BRE,0-0,3,0,2.6,3.55,2.65,1,1,0,1,2,261
3,NOT,FUL,2-0,3,0,2.23,3.75,3.0,1,2,0,0,2,235
4,TOT,CRY,0-1,1,1,1.71,4.15,4.5,x,0,2,0,2,267
5,NOT,LIV,1-2,1,2,3.55,4.25,1.88,2,0,1,1,2,268
6,SHU,MUN,0-0,0,0,4.05,4.05,1.81,x,0,1,2,3,226
7,NOT,AST,2-2,2,2,3.4,3.85,2.02,x,0,1,2,3,269
8,LUT,MCI,0-0,0,0,5.0,4.25,1.63,x,0,1,0,1,270
9,NEW,WHU,0-0,2,0,2.75,3.55,2.5,1,1,0,0,1,271
10,MCI,CHE,0-0,0,1,1.91,4.05,3.65,2,0,1,2,3,202
1,NOT,LIV,0-1,2,2,3.55,4.25,1.88,x,0,1,1,2,268
2,NOT,LUT,0-1,1,1,1.95,3.8,3.7,x,4,1,0,5,233
3,MUN,NEW,0-1,4,2,2.04,4.05,3.25,1,3,0,0,3,222
4,TOT,LUT,0-0,1,0,1.43,4.85,7.25,1,3,0,0,3,253
5,NEW,MUN,2-0,4,1,1.46,4.65,6.75,1,2,0,2,4,224
6,NOT,BHA,0-2,0,2,3.6,3.85,1.97,2,0,0,2,2,272
7,SHU,AST,0-0,1,1,3.75,3.7,1.96,x,1,3,2,6,273
8,LUT,BUR,0-0,4,0,2.35,3.45,3.05,1,1,0,1,2,249
9,LIV,BHA,0-1,0,2,2.07,4.0,3.15,2,0,0,2,2,100
10,MUN,BUR,1-1,3,2,1.41,5.0,7.0,1,3,0,0,3,188
1,NOT,LUT,0-0,2,0,1.95,3.8,3.7,1,4,1,0,5,233
2,TOT,NOT,0-1,1,1,1.48,4.8,6.0,x,1,1,1,3,274
3,MUN,TOT,3-0,5,1,1.98,4.1,3.35,1,2,0,0,2,275
4,NOT,CHE,1-0,1,0,3.75,4.0,1.9,1,1,0,3,4,245
5,TOT,BHA,1-1,2,1,2.18,3.75,3.15,1,1,1,0,2,266
6,SHU,AST,0-0,1,1,1.95,3.8,3.7,x,1,3,2,6,273
7,NEW,ARS,0-1,1,1,2.25,3.8,2.95,x,1,2,0,3,221
8,MUN,BUR,0-0,1,0,1.41,5.0,7.0,1,3,0,0,3,188
9,NEW,TOT,4-0,5,2,2.06,3.85,3.3,1,1,4,0,5,231
10,NOT,LUT,3-0,6,0,3.4,3.6,2.12,1,4,1,0,5,233
1,MUN,LIV,0-1,0,2,1.97,4.35,3.25,2,0,0,2,2,232
2,TOT,MCI,0-0,0,1,2.45,3.9,2.65,2,2,0,1,3,276
3,SHU,WHU,0-0,0,0,3.4,3.6,2.12,x,0,2,1,3,277
4,NEW,EVE,0-3,0,3,1.76,3.9,4.5,2,1,0,2,3,237
5,TOT,FUL,1-0,2,0,1.55,4.5,5.5,1,3,0,0,3,278
6,NOT,ARS,2-3,3,5,2.45,3.65,2.8,2,1,1,2,4,230
7,WHU,SHU,0-0,2,0,1.58,4.2,5.5,1,2,0,0,2,279
8,TOT,BUR,0-1,1,1,1.48,4.6,6.5,x,3,2,0,5,280
9,WHU,TOT,1-0,2,1,2.35,3.7,2.85,1,4,1,1,6,281
10,NOT,BUR,0-1,0,3,2.06,3.75,3.4,2,1,0,1,2,259
1,SHU,WOL,1-0,1,0,2.65,3.4,2.65,1,2,0,2,4,282
2,SHU,BOU,0-1,0,3,2.18,3.45,3.35,2,0,0,2,2,283
3,TOT,BOU,0-0,1,0,1.45,4.7,7.0,1,4,0,0,4,284
4,WHU,FUL,1-3,1,3,1.68,4.1,4.8,2,0,0,1,1,285
5,WHU,BUR,1-0,1,0,1.6,4.2,5.5,1,1,0,3,4,286
6,TOT,BUR,1-0,2,1,1.48,4.6,6.5,1,3,2,0,5,280
7,TOT,BRE,0-0,0,1,1.75,3.9,4.55,2,1,0,1,2,287
8,MCI,WHU,0-0,1,1,1.7,4.25,4.5,x,3,1,0,4,195
9,NEW,BUR,0-1,0,1,1.46,4.65,6.75,2,0,0,1,1,288
10,SHU,NOT,0-0,0,1,2.3,3.65,3.0,2,0,0,1,1,289
1,SHU,TOT,0-0,0,2,3.8,3.8,1.93,2,0,0,2,2,290
2,TOT,LIV,1-1,4,2,2.1,4.1,3.05,1,2,0,0,2,291
3,SHU,FUL,2-0,2,2,2.45,3.5,2.85,x,0,3,0,3,252
4,TOT,CHE,1-0,1,0,2.23,3.8,3.0,1,1,0,1,2,292
5,WHU,MUN,0-0,1,1,2.45,3.85,2.65,x,0,1,1,2,293
6,NOT,AST,1-1,1,2,1.6,4.35,5.25,2,0,1,2,3,269
7,NOT,BHA,0-1,0,1,3.6,3.85,1.97,2,0,0,2,2,272
8,TOT,NEW,0-0,0,0,2.17,3.8,3.1,x,0,2,0,2,294
9,SHU,WHU,0-2,0,3,3.4,3.6,2.12,2,0,2,1,3,277
10,TOT,WOL,0-0,2,1,1.43,4.75,7.25,1,1,0,0,1,295
1,SHU,MCI,0-0,1,3,4.7,4.15,1.69,2,0,0,2,2,296
2,TOT,FUL,0-0,2,0,1.55,4.5,5.5,1,3,0,0,3,278
3,SHU,AST,0-0,1,0,1.43,4.85,7.25,1,1,3,2,6,273
4,WHU,TOT,1-1,2,5,2.35,3.7,2.85,2,4,1,1,6,281
5,TOT,CRY,0-1,1,1,1.71,4.15,4.5,x,0,2,0,2,267
6,NEW,NOT,0-1,0,1,1.46,4.85,6.25,2,0,0,1,1,297
7,TOT,BOU,1-0,2,0,1.45,4.7,7.0,1,4,0,0,4,284
8,WHU,TOT,1-0,2,1,1.65,4.15,4.95,1,4,1,1,6,281
9,NOT,TOT,2-0,3,1,1.72,3.95,4.75,1,1,0,0,1,298
10,NEW,SHU,0-1,2,2,1.45,4.65,7.0,x,0,1,0,1,299
1,TOT,NOT,1-0,1,2,1.48,4.8,6.0,2,1,1,1,3,274
2,WHU,TOT,1-0,1,0,2.35,3.7,2.85,1,4,1,1,6,281
3,NOT,MUN,1-1,1,3,3.7,4.2,1.86,2,1,0,2,3,263
4,WHU,NOT,0-1,2,3,1.6,4.35,5.25,2,0,0,1,1,300
5,SHU,AST,0-1,1,1,3.75,3.7,1.96,x,1,3,2,6,273
6,WHU,BUR,0-1,1,6,1.6,4.2,5.5,2,1,0,3,4,286
7,WHU,ARS,0-1,0,1,2.6,3.75,2.55,2,0,0,2,2,301
8,WHU,TOT,1-0,1,1,2.35,3.7,2.85,x,4,1,1,6,281
9,SHU,AST,0-0,0,2,3.75,3.7,1.96,2,1,3,2,6,273
10,NEW,BOU,2-0,2,1,1.43,4.85,7.25,1,1,0,1,2,248
1,WHU,CRY,1-0,3,1,1.88,3.85,3.95,1,1,0,0,1,302
2,TOT,BOU,3-0,5,0,1.45,4.7,7.0,1,4,0,0,4,284
3,SHU,TOT,0-0,0,2,3.8,3.8,1.93,2,0,0,2,2,290
4,TOT,BRE,0-0,1,0,1.75,3.9,4.55,1,1,0,1,2,287
5,WHU,NEW,1-0,1,0,2.4,3.7,2.75,1,1,0,2,3,303
6,WHU,AST,0-2,0,2,2.35,3.65,2.9,2,0,0,1,1,304
7,SHU,WOL,1-0,1,0,2.65,3.4,2.65,1,2,0,2,4,282
8,TOT,NEW,1-1,1,1,2.17,3.8,3.1,x,0,2,0,2,294
9,TOT,LUT,1-2,3,2,1.43,4.85,7.25,1,3,0,0,3,253
10,SHU,NEW,0-2,0,3,3.95,3.8,1.89,2,1,0,3,4,246
1,MUN,BRE,1-0,1,1,1.65,4.2,4.9,x,1,1,0,2,247
2,SHU,BOU,0-0,1,2,2.18,3.45,3.35,2,0,0,2,2,283
3,WHU,EVE,0-0,1,0,1.96,3.65,3.8,1,1,0,1,2,305
4,NOT,ARS,0-0,0,0,3.95,4.1,1.82,x,1,1,2,4,230
5,NEW,BRE,0-1,1,1,1.72,3.95,4.75,x,2,2,0,4,229
6,SHU,AST,1-2,3,4,3.75,3.7,1.96,2,1,3,2,6,273
7,TOT,MUN,0-1,0,2,2.17,4.0,3.0,2,0,1,1,2,306
8,NOT,AST,1-1,1,2,3.4,3.85,2.02,2,0,1,2,3,269
9,TOT,EVE,1-3,2,3,2.4,3.7,2.75,2,0,0,1,1,307
10,SHU,LUT,2-0,3,0,2.13,3.5,3.45,1,2,0,0,2,225
1,SHU,FUL,0-0,1,1,2.45,3.5,2.85,x,0,3,0,3,252
2,WHU,EVE,0-2,1,2,1.96,3.65,3.8,2,1,0,1,2,305
3,WHU,NEW,0-1,1,3,2.4,3.7,2.75,2,1,0,2,3,303
4,TOT,WHU,0-1,0,1,1.95,3.85,3.65,2,1,0,1,2,308
5,WHU,TOT,1-0,1,0,2.13,3.5,3.45,1,4,1,1,6,281
6,LUT,NEW,1-2,1,2,4.2,3.85,1.82,2,0,0,1,1,309
7,WOL,WHU,0-2,1,3,2.7,3.55,2.55,2,0,0,1,1,310
8,WOL,TOT,1-0,6,0,3.0,3.65,2.3,1,1,1,1,3,311
9,WHU,NEW,0-1,0,1,2.4,3.7,2.75,2,1,0,2,3,303
10,WOL,BUR,1-0,2,3,1.91,3.65,4.0,2,0,1,4,5,312
1,WOL,BUR,0-0,0,1,1.91,3.65,4.0,2,0,1,4,5,312
2,WHU,LUT,0-1,0,1,1.53,4.35,6.0,2,0,0,1,1,313
3,WOL,BOU,0-0,2,1,1.85,3.7,4.25,1,3,0,0,3,314
4,WOL,TOT,0-2,0,3,3.0,3.65,2.3,2,1,1,1,3,311
5,WHU,SHU,0-0,3,0,1.58,4.2,5.5,1,2,0,0,2,279
6,WOL,FUL,3-1,3,1,2.04,3.65,3.55,1,1,0,0,1,315
7,WOL,BOU,1-0,1,0,1.85,3.7,4.25,1,3,0,0,3,314
8,WOL,BHA,0-0,0,2,3.1,3.55,2.25,2,0,0,2,2,316
9,WOL,EVE,1-0,2,1,2.45,3.4,2.95,1,2,0,0,2,317
10,WHU,BHA,0-0,0,1,2.45,3.6,2.8,2,0,0,1,1,318
1,WHU,CHE,1-2,1,4,2.5,3.65,2.7,2,0,0,1,1,319
2,WOL,NOT,1-0,2,0,1.93,3.8,3.75,1,2,0,1,3,320
3,WOL,LUT,1-2,2,3,1.82,3.75,4.35,2,1,0,1,2,321
4,TOT,BUR,0-1,1,1,1.48,4.6,6.5,x,3,2,0,5,280
5,WOL,LIV,0-1,0,2,2.45,3.85,2.65,2,1,0,4,5,322
6,TOT,MCI,1-0,2,1,1.85,3.7,4.25,1,2,0,1,3,276
7,WOL,BRE,0-0,1,0,2.35,3.4,3.05,1,1,1,0,2,323
8,WOL,BOU,1-0,4,0,3.0,3.6,2.3,1,3,0,0,3,314
9,WOL,AST,0-1,2,1,3.0,3.6,2.3,1,1,0,0,1,324
10,TOT,LIV,0-1,3,2,2.1,4.1,3.05,1,2,0,0,2,291
1,WOL,CHE,1-1,2,3,3.2,3.65,2.17,2,0,0,3,3,325
2,SHU,WHU,0-0,0,0,3.4,3.6,2.12,x,0,2,1,3,277
3,WOL,LIV,0-1,0,2,3.05,3.9,2.17,2,1,0,4,5,322
4,WOL,BUR,1-0,1,1,1.91,3.65,4.0,x,0,1,4,5,312
5,WHU,WOL,0-0,1,1,1.81,3.85,4.3,x,2,1,0,3,326
6,WOL,TOT,0-0,0,0,3.0,3.65,2.3,x,1,1,1,3,311
7,WOL,MUN,0-3,2,5,3.15,3.85,2.13,2,0,0,1,1,327
8,TOT,NOT,1-1,3,1,1.48,4.8,6.0,1,1,1,1,3,274
9,WOL,EVE,1-0,3,0,2.45,3.4,2.95,1,2,0,0,2,317
10,WHU,LIV,2-0,3,0,2.35,3.95,2.75,1,1,0,2,3,328
1,WHU,MUN,0-1,1,2,2.45,3.85,2.65,2,0,1,1,2,293
2,WOL,BUR,0-0,0,1,1.91,3.65,4.0,2,0,1,4,5,312
3,WOL,CHE,0-1,1,3,3.2,3.65,2.17,2,0,0,3,3,325
4,MUN,WOL,0-0,0,0,1.57,4.5,5.5,x,0,1,0,1,329
5,WHU,LIV,1-1,1,2,2.35,3.95,2.75,2,1,0,2,3,328
6,TOT,WHU,1-1,2,1,1.95,3.85,3.65,1,1,0,1,2,308
7,WHU,WOL,2-1,3,1,1.81,3.85,4.3,1,2,1,0,3,326
8,WOL,CRY,0-2,2,2,2.3,3.55,3.0,x,2,1,0,3,330
9,TOT,BUR,1-0,6,0,1.48,4.6,6.5,1,3,2,0,5,280
10,WOL,NEW,0-1,1,4,3.1,3.65,2.22,2,0,1,2,3,331
1,WOL,NEW,0-1,2,2,3.1,3.65,2.22,x,0,1,2,3,331
2,TOT,CHE,0-1,1,2,2.23,3.8,3.0,2,1,0,1,2,292
3,SHU,WOL,1-2,2,3,2.65,3.4,2.65,2,2,0,2,4,282
4,TOT,BUR,1-0,1,0,1.48,4.6,6.5,1,3,2,0,5,280
5,WOL,CHE,0-1,0,1,3.2,3.65,2.17,2,0,0,3,3,325
6,TOT,FUL,1-0,2,0,1.55,4.5,5.5,1,3,0,0,3,278
7,TOT,MUN,0-1,2,2,3.15,3.85,2.13,x,0,1,1,2,306
8,WHU,MCI,0-2,1,2,2.75,3.8,2.4,2,0,0,1,1,332
9,SHU,MUN,0-0,1,2,3.4,3.6,2.12,2,0,1,2,3,226
10,TOT,MCI,1-0,2,1,2.45,3.9,2.65,1,2,0,1,3,276
1,WHU,BUR,0-0,0,2,2.95,3.4,2.45,2,1,0,3,4,286
2,WOL,ARS,0-0,2,1,3.35,3.75,2.07,1,1,0,0,1,333
3,WOL,CRY,2-0,3,1,2.3,3.55,3.0,1,2,1,0,3,330
4,SHU,EVE,1-1,2,1,2.7,3.55,2.55,1,1,0,0,1,334
5,WOL,NOT,0-0,2,0,1.93,3.8,3.75,1,2,0,1,3,320
6,WHU,BUR,0-2,0,2,1.6,4.2,5.5,2,1,0,3,4,286
7,SHU,NEW,0-0,1,2,3.95,3.8,1.89,2,1,0,3,4,246
8,WOL,NEW,0-1,0,2,3.1,3.65,2.22,2,0,1,2,3,331
9,WOL,CRY,1-0,1,0,2.3,3.55,3.0,1,2,1,0,3,330
10,WOL,SHU,1-0,2,1,1.89,3.65,4.1,1,1,0,0,1,335
1,WHU,BOU,1-0,3,2,2.7,3.6,2.55,1,1,0,0,1,336
2,WHU,WOL,3-1,3,1,1.81,3.85,4.3,1,2,1,0,3,326
3,NOT,EVE,0-0,1,1,2.7,3.6,2.55,x,0,2,1,3,207
4,WOL,BRE,0-2,2,2,2.35,3.4,3.05,x,1,1,0,2,323
5,WOL,BHA,0-0,1,2,3.1,3.55,2.25,2,0,0,2,2,316
6,WHU,LIV,0-1,1,2,2.35,3.95,2.75,2,1,0,2,3,328
7,WOL,NOT,0-0,0,1,1.93,3.8,3.75,2,2,0,1,3,320
8,WOL,LIV,1-3,1,4,3.05,3.9,2.17,2,1,0,4,5,322
9,WOL,LIV,1-3,1,4,1.6,4.2,5.5,2,1,0,4,5,322
10,MUN,SHU,1-0,2,0,1.4,5.25,7.25,1,1,0,1,2,258
1,ARS,AST,0-0,2,1,1.93,4.00,3.60,1,1,0,1,2,19
2,EVE,BHA,1-1,1,2,1.48,4.70,6.25,2,1,0,1,2,178
3,FUL,CHE,1-2,1,3,2.60,3.45,2.70,2,0,0,2,2,183
4,LIV,BRE,3-0,5,2,1.41,4.85,7.50,1,1,0,0,1,337
5,LUT,WHU,0-0,1,2,2.75,3.65,2.45,2,0,0,4,4,179
6,NEW,CRY,4-0,5,1,1.79,3.75,4.55,1,3,2,0,5,241
7,NOT,MUN,0-1,0,2,4.00,4.10,1.81,2,1,0,2,3,263
8,SHU,MCI,1-4,4,8,1.40,5.25,7.00,2,0,0,2,2,296
9,TOT,BOU,1-0,1,0,2.12,4.00,3.10,1,4,0,0,4,284
10,WOL,BUR,0-1,0,4,1.82,3.75,4.35,2,0,1,4,5,312
1,ARS,TOT,1-1,1,2,1.93,4.00,3.60,2,1,0,2,3,44
2,BHA,NOT,1-0,2,0,1.48,4.70,6.25,1,1,1,1,3,4
3,BRE,WHU,0-0,0,2,2.60,3.45,2.70,2,0,1,2,3,65
4,CHE,BOU,1-0,1,1,1.41,4.85,7.50,x,1,1,0,2,97
5,CRY,AST,0-0,2,0,2.75,3.65,2.45,1,4,0,0,4,95
6,EVE,BUR,0-1,1,1,1.79,3.75,4.55,x,0,1,0,1,338
7,FUL,MCI,0-0,0,1,4.00,4.10,1.81,2,0,1,4,5,149
8,LIV,SHU,1-1,1,1,1.40,5.25,7.00,x,0,1,0,1,339
9,NEW,MUN,0-2,1,3,2.12,4.00,3.10,2,2,0,2,4,224
10,WOL,LUT,3-0,6,0,1.82,3.75,4.35,1,1,0,1,2,321
1,AST,NEW,1-0,2,0,1.93,4.00,3.60,1,1,0,0,1,340
2,BHA,LUT,2-0,2,1,1.48,4.70,6.25,1,2,1,0,3,23
3,BUR,NOT,0-0,6,1,2.60,3.45,2.70,1,1,0,0,1,341
4,CHE,CRY,1-0,2,2,1.41,4.85,7.50,x,1,1,0,2,144
5,EVE,BRE,0-1,2,2,2.75,3.65,2.45,x,0,2,0,2,176
6,FUL,WHU,0-1,1,2,1.79,3.75,4.55,2,0,0,2,2,166
7,LIV,BOU,0-1,0,1,4.00,4.10,1.81,2,2,0,2,4,136
8,MCI,ARS,1-0,1,0,1.40,5.25,7.00,1,5,0,1,6,190
9,MUN,TOT,1-0,3,1,2.12,4.00,3.10,1,2,0,0,2,275
10,SHU,WOL,0-1,0,1,1.82,3.75,4.35,2,2,0,2,4,282
1,ARS,LIV,2-2,5,4,1.91,4.25,3.5,1,1,1,0,2,29
2,AST,NOT,1-0,1,0,1.51,4.65,6.0,1,2,0,1,3,15
3,BHA,BRE,0-1,0,2,1.75,3.85,4.7,2,1,2,1,4,9
4,BOU,WHU,0-2,1,2,2.60,3.50,2.70,2,0,0,1,1,342
5,BUR,LUT,1-0,1,0,2.08,3.55,3.55,1,1,1,3,5,94
6,CHE,MUN,2-0,3,1,2.06,4.0,3.2,1,2,0,0,2,152
7,CRY,MCI,0-2,0,3,1.95,3.80,3.70,2,0,0,1,1,343
8,EVE,SHU,0-1,1,1,1.77,3.75,4.7,x,0,2,0,2,112
9,FUL,WOL,0-2,1,3,2.35,3.55,3.0,2,2,0,1,3,165
10,NEW,TOT,1-1,2,2,2.06,3.85,3.3,x,1,4,0,5,231
1,BOU,WOL,0-1,1,1,2.7,3.4,2.6,x,1,2,0,3,63
2,BRE,BUR,1-1,4,2,1.85,3.65,4.35,1,4,0,0,4,79
3,CHE,NEW,2-0,2,0,2.07,3.85,3.3,1,1,0,1,2,83
4,FUL,EVE,1-0,1,1,2.6,3.5,2.7,x,0,2,1,3,181
5,LIV,CRY,0-2,0,3,1.63,4.5,4.7,2,1,0,1,2,257
6,MCI,MUN,0-0,0,1,1.86,4.3,3.65,2,1,0,1,2,199
7,NOT,LUT,2-0,3,0,2.40,3.85,2.75,1,4,1,0,5,233
8,SHU,BHA,2-2,3,6,3.45,3.95,1.98,2,0,0,1,1,344
9,TOT,AST,1-0,2,1,2.25,3.45,3.20,1,1,0,0,1,345
10,WHU,ARS,2-3,3,7,2.6,3.75,2.55,2,0,0,2,2,301
1,AST,ARS,1-0,2,1,2.25,3.45,3.20,1,2,0,2,4,32
2,BOU,NOT,0-1,0,3,2.60,3.45,2.70,2,0,1,1,2,120
3,BRE,MCI,1-1,1,3,2.01,3.85,3.50,2,0,0,1,1,347
4,BUR,LUT,0-0,0,1,3.40,3.70,2.08,2,1,1,3,5,94
5,CHE,SHU,1-0,2,1,1.41,5.25,7.00,1,1,1,0,2,73
6,CRY,BHA,0-0,2,1,2.95,3.55,2.35,1,2,0,1,3,110
7,EVE,WHU,0-1,0,2,1.86,4.30,3.65,2,0,1,1,2,184
8,MUN,FUL,0-0,0,0,1.46,4.85,6.25,x,1,2,0,3,193
9,NEW,TOT,0-0,1,1,1.79,3.90,4.35,x,1,4,0,5,231
10,WOL,LIV,0-0,1,0,3.35,3.75,2.07,1,1,0,4,5,322
